Modulo,ID,Descripcion del error,RF relacionado,Categoria del error,Equipo responsable,Severidad,Tiempo maximo de solucion,Fecha deteccion,Fecha limite,Estado,Fecha correccion real,Evidencia / Notas,Evaluador
1,INC-M01-01-01,"Al activar una cuenta con un token válido (GET /usuarios/activar/{token}), el backend responde 500 Internal Server Error con error_code: AUDITORIA_OBLIGATORIA_FALLIDA. La cuenta no se activa; el mensaje indica que no se pudo generar el registro de auditoría obligatorio y por eso se canceló toda la operación.",RF-01,"INFRAESTRUC — el ejemplo oficial de esta categoría (""fallo de BD al persistir un evento de auditoría, RF-10"") coincide casi exacto con este caso: no es un error de dato ni de lógica de negocio, sino de un componente externo (la escritura del registro de auditoría) fallando.","Implementación (ambiente TEST) — según la taxonomía, INFRAESTRUC va a Implementación (TEST) o Despliegue (producción), no a Desarrollo directamente.",Crítico,Mismo día (máx. 4 horas),2026-08-28,2026-08-29,Cerrado,2026-08-29,"Reporte Newman: Test_Modulo1/RF-01/TC-M01-02/resultados/resultado_TC-M01-02.html. Usuario de prueba: María, id_usuario=42. Verificado que el estado de la cuenta y el token no cambiaron tras el fallo (sin corrupción de datos).

retroprueba exitosa con resultado_TC-M01-02_reintento2_20260829.html (usuario nuevo, token fresco de activación, HTTP 200 vs. el 500 original documentado en resultado_TC-M01-02.html)",
1,INC-M01-02-71,La paginación del historial de auditoría (GET /auditoria) puede devolver un registro duplicado en el borde entre páginas consecutivas cuando se insertan nuevos eventos durante la navegación — incluyendo eventos generados por la propia consulta de auditoría (CONSULTA_AUDITORIA). Se debe al uso de paginación por offset sobre un conjunto de datos que crece en tiempo real.,RF-10 – Consultar Historial y Auditoría,Funcional / Paginación,Desarrollo,Medio,2 días hábiles,2026-08-30,2026-09-01,Cerrado,—,"Ejecución del TC-M01-071 mediante Newman: 22 assertions ejecutadas, 2 fallidas. Se detectaron registros repetidos entre páginas. La API respondió HTTP 200 y respetó el máximo de 50 registros por página, pero no garantizó registros únicos entre páginas consecutivas. Evidencia: reporte HTML TC-M01-71.html.

resultado_TC-M01-071.html. Se observa id_evento:906 repetido como último ítem de página 1 y primer ítem de página 2; el total reportado aumenta en cada llamada (946→947→948→949), confirmando inserciones concurrentes durante la paginación. Se propone a Desarrollo evaluar paginación estable (basada en cursor) o documentar el uso de fecha_hasta como snapshot.",Laura
1,INC-M01-03-119,"Al intentar eliminar el rol ""Auxiliar de Campo"" mediante el endpoint DELETE /roles/10, el backend responde HTTP 500 Internal Server Error. El rol existe, no está protegido (es_protegido: false) y permanece registrado después del intento de eliminación.

falla la eliminación de cualquier rol no protegido. Evidencia: los roles id 11–17 (de TC‑M01‑114 y TC‑M01‑122) siguen todos en la tabla.",RF-03,FLUJO,Desarrollo + DBA,Critico,4 horas,2026-08-31,2026-08-31,Cerrado,2026-08-31,"El defecto fue detectado durante la ejecución del TC-M01-119 con Newman. La solicitud DELETE /roles/10 respondió HTTP 500 y la verificación posterior confirmó que el rol continuaba existiendo. Se realizó además una prueba manual desde PowerShell utilizando el mismo endpoint, obteniendo nuevamente 500 Internal Server Error, lo que evidencia que el problema se presenta en el backend y no en Newman.

Detectado en TC‑M01‑119 (Newman) y reproducido manualmente desde PowerShell contra el mismo endpoint → 500 en ambos casos (cuerpo text/plain ""Internal Server Error"", no JSON), lo que descarta Newman y apunta a excepción no controlada en el backend.

Análisis en BD (esquema modulo1):

El trigger BEFORE DELETE trg_fn_proteger_rol_admin() ejecuta RETURN NEW en la rama DELETE. En un trigger BEFORE DELETE FOR EACH ROW, NEW es NULL, y devolver NULL hace que PostgreSQL cancele silenciosamente el borrado de la fila (debe ser RETURN OLD). Efecto: DELETE FROM modulo1.roles afecta 0 filas para todo rol no protegido; el 500 es consistente con el backend esperando 1 fila afectada y lanzando excepción no controlada (confirmar con el stack trace del request).
Latente: la FK modulo1.permisos.id_rol → roles.id_rol está en ON DELETE NO ACTION y el rol 10 tiene 2 permisos hijos (id_permiso 337, 341). Aun corrigiendo el trigger, el borrado fallará por violación de FK (SQLSTATE 23503) salvo que el endpoint elimine primero los permisos en la misma transacción o se cambie la FK a ON DELETE CASCADE.
El endpoint no captura la excepción: la expone como 500 text/plain en vez de un 4xx/JSON estructurado.

Rol objetivo id_rol 10: es_protegido=false, 0 usuarios asociados → la precondición del caso se cumple; el defecto es de backend/BD, no de datos de prueba. Impacto acumulado: roles id 11–17 no eliminables.",Laura
1,INC-M01-05-035,"El endpoint PUT /contrasena/usuarios/{id_usuario} acepta establecer la nueva contraseña igual a la contraseña actual del usuario, respondiendo 200 OK en vez de rechazarla con 409 Conflict como exige la regla de negocio de RF-07. No hay impacto funcional inmediato (el valor no cambia realmente), pero permite burlar una política de no-reutilización/rotación de contraseñas.",RF-07,Unicidad,Desarrollo,Medio,2 días,2026-09-02,2026-09-04,Cerrado,2026-09-11,"Causa raíz identificada en usuario_repository.py (líneas 128-147): el código de aplicación SÍ tiene el manejo listo para traducir un InternalError con 'CONSTRAINT_VIOLATION' a ConflictError 409, pero ese error depende de un trigger de PostgreSQL que NUNCA fue creado (no existe en ningún archivo de alembic/versions/, se buscó explícitamente). Falta la migración que agregue el trigger de no-reutilización sobre usuarios.contrasena_cifrada; el código de aplicación no necesita cambios. RETEST 02/09/26 en vivo contra el backend TEST desplegado: login como ingeniero@pecuaria.co (Ingeniero de Campo), PUT /contrasena/usuarios/4 con contrasena_actual = nueva_contrasena = confirmar_nueva_contrasena = 'Test1234!' → HTTP 200 ""Contraseña actualizada exitosamente..."" (se esperaba 409). Confirma que el hallazgo sigue vigente.",Daniela
1,INC-M01-06-024,"get_db() (src/shared/database.py) no reintenta la conexión a PostgreSQL ni traduce el fallo a un error controlado. Ante una caída de BD, propaga la excepción cruda de SQLAlchemy (OperationalError) y el endpoint POST /sesiones/ responde HTTP 500 Internal Server Error, en vez de agotar 3 reintentos internos y responder HTTP 503 Service Unavailable con mensaje claro, como exige RF-02.",RF-02,HTTP_COM - HTTP / Comunicación,Desarrollo,Severo,1 día hábil,2026-09-01,2026-09-02,Cerrado,,"Confirmado con Pytest mockeando SessionLocal: 1 solo intento de conexión (no 3), excepción cruda OperationalError propagada (no ServiceUnavailableError/503), y verificación por inspección de código fuente confirmando ausencia de try/except. Reporte: reporte-TC-M01-024.html. No requirió tumbar el entorno TEST real.

tests/Test_Testing/Test_Modulo1/RF-02/TC-M01-024/test_tc_m01_024_reintentos_bd.py + Resultados/reporte-TC-M01-024.html (2 failed, 2026-09-01). SessionLocal() invocado 1 vez (se esperaban 3); excepción final OperationalError sin traducir; endpoint responde 500 en vez de 503.",Juan Manuel
1,INC-M01-07-43,El límite de recuperación de contraseña por conexión (3 solicitudes/hora) responde 422 Unprocessable Entity en lugar de 429 Too Many Requests al excederse. La regla de negocio funciona correctamente (sí bloquea la 4ta solicitud); solo el código HTTP no respeta el estándar para límites de tasa.,RF-08,HTTP_COM,Desarrollo,Medio,2 dias,2026-09-02,2026-09-04,Cerrado,2026-09-11,"Ver TC-M01-043 y tc-m01-043.json (proyecto). Confirmado dos veces: prueba dirigida por navegador y ejecución real (mismo resultado, ""expected 429 but got 422"").",Daniela
1,INC-M01-08-38,"En CambiarContrasenaUseCase (cambiar_contrasena_use_case.py), el cambio de contraseña y la invalidación de sesiones activas quedan en la misma transacción. Si falla la invalidación de sesiones (ej. servicio de blacklist/sesiones caído), se ejecuta db.rollback(), que deshace también el cambio de contraseña ya aplicado — contradiciendo RF-07, que exige que la contraseña quede actualizada aunque falle ese paso. Además, la excepción no se traduce a un error controlado; se propaga cruda, sin status_code 500 ni el mensaje específico de la ficha.",RF-07,FLUJO,Desarrollo,Medio,2 días,2026-09-02,2026-09-04,Cerrado,2026-09-11,tests/Test_Testing/Test_Modulo1/RF-07/TC-M01-38/test_tc_m01_038_fallo_blacklist.py (2 failed). Corrido en local el 2026-09-01 y reconfirmado idéntico el 2026-09-02 (no depende de red/IP). db.rollback() deshace la contraseña ya cambiada; la excepción propagada carece de status_code 500 y del mensaje de la ficha.,Daniela
1,INC-M01-09-043,"El límite de 3 solicitudes de recuperación por hora por IP (RF-08) solo se aplica cuando el correo ingresado corresponde a una cuenta registrada. Si el correo no existe, el flujo retorna el mensaje genérico antes de registrar el evento que alimenta el contador (eventos_repo.registrar solo se ejecuta en las ramas donde el usuario existe), por lo que solicitudes repetidas con correos inexistentes nunca se bloquean. Confirmado enviando 4 solicitudes consecutivas con un correo no registrado desde la misma conexión: las 4 respondieron HTTP 202, sin ningún bloqueo.",RF-08,FLUJO,Desarrollo,Medio,2 dias,2026-09-02,2026-09-04,Cerrado,2026-09-11,"Prueba en vivo contra backend TEST desplegado, 02/09/26: POST /contrasena/recuperar con correo inventado verificacion.tc043.qa@sgpmp-test.com, 4 solicitudes consecutivas → las 4 respondieron HTTP 202 (sin bloqueo). Como contraste, repitiendo con un correo real (ingeniero@pecuaria.co) el límite sí se activó (ver INC-M01-07-43, mismo endpoint, causa raíz distinta). Relacionado con INC-M01-07-43 pero no duplicado: ese es sobre el código HTTP devuelto al bloquear; este es sobre que el bloqueo mismo no cubre correos inexistentes.",Daniela
1,INC-M01-10-11,"Al enviar una solicitud de registro (POST /usuarios/) con un payload de usuario completo y válido, pero con captcha_token vacío o inválido, el backend responde HTTP 201 Created en lugar de rechazar la solicitud. El reCAPTCHA no está siendo validado del lado del servidor — solo existe como control en el cliente (UI), por lo que puede omitirse por completo llamando directamente a la API.",RF-01,INFRAESTRUC,Desarrollo,Severo,1 día,2026-09-02,2026-09-03,Abierto,,Reporte Cypress: testing/test_testing/Modulo1/RF-01/TC-M01-011/RESULTADOS/TC-M01-011/TC-M01-011_resultado.md. Escenario A (token vacío) → HTTP 201; Escenario B (token inválido) → HTTP 201. Veredicto QA: NO APROBADO — no se puede validar en este ambiente (CAPTCHA simulado). Requiere re-ejecución con claves de test oficiales de reCAPTCHA de Google para determinar si el hallazgo es un defecto real o solo artefacto del ambiente.,Sebastian
1,INC-M01-11-87/89,"Al hacer clic en ""Ver detalle"" sobre una fila de la tabla de /usuarios, el frontend construye la petición GET /usuarios/undefined/detalle en lugar de usar el ID real del usuario, y el backend rechaza la solicitud con HTTP 400 (""Input should be a valid integer, unable to parse string as an integer""). Esto indica que la fila de la tabla no recibe o no propaga correctamente el id_usuario desde la respuesta de la API que alimenta el listado. Reproducido en dos casos de prueba independientes (TC-M01-087 y TC-M01-089), con clics reales sobre la interfaz, no simulados.",RF-13,HTTP_COM,Desarrollo,media,2 dias,2026-09-02,2026-09-04,Abierto,,"Reproducido en TC-M01-087_resultado.md y TC-M01-089_resultado.md (Checkpoint 2 en ambos), con capturas y video (01_perfil_detalle_seguridad.png, tc-m01-089-contrasena-no-visible-perfil.cy.ts.mp4). Petición real: GET /usuarios/undefined/detalle → HTTP 400 VAL_ENTRADA (field: id_usuario, ""Input should be a valid integer""). Al consultar directamente por API con un ID numérico válido (ej. GET /usuarios/1/detalle), la respuesta es HTTP 200 con datos correctos — confirma que el problema es específico de cómo la tabla/listado expone o propaga el ID, no del endpoint de detalle en sí.",Sebastian
1,INC-M01-12-107,"El límite de recuperación de contraseña por IP (RF-08, máximo 3 solicitudes/hora) bloquea solicitudes antes de alcanzar el cupo real. En ejecución con conteo verificado por IP (0 solicitudes previas confirmadas en la última hora), la 2ª solicitud —dentro del límite de 3— fue rechazada con HTTP 422 (LIMITE_SOLICITUDES_EXCEDIDO), en vez de aceptarse como corresponde a un cupo de 1/3 consumido.",RF-08,FLUJO,Desarrollo,Severo,1 día hábil,2026-09-03,2026-09-04,Abierto,,"Reporte Cypress: testing/test_testing/Modulo1/RF-08/TC-M01-107/RESULTADOS/TC-M01-107/TC-M01-107_resultado.md. Cuenta de prueba: gestor.granja.test@pecuaria.co (estado Activo, confirmado). IP runner verificada: 200.118.145.38, con 0 solicitudes previas confirmadas para esa IP en la última hora (conteo validado independientemente del correo, vía GET /auditoria/). CP-02: 1ª solicitud interceptada con corte de red en la respuesta (backend procesó el token real, confirmado en auditoría, evento ID 3661). CP-04: 2ª solicitud (reintento del usuario tras el corte) — se esperaba HTTP 202 (cupo 2/3), se obtuvo HTTP 422 LIMITE_SOLICITUDES_EXCEDIDO. Relacionado con INC-M01-07-43 (mismo endpoint, mismo código HTTP no estándar 422 vs 429 esperado) pero no duplicado: INC-M01-07-43 documenta el bloqueo como correcto en la 4ª solicitud y solo cuestiona el código HTTP devuelto; este hallazgo evidencia que el bloqueo ocurre prematuramente en la 2ª solicitud, contradiciendo la premisa de que ""la regla de negocio funciona correctamente"" en ese reporte. Requiere revisión del contador/ventana de rate-limit en el backend (posible doble incremento por solicitud, o ventana de conteo mal calculada) — no solo del código de respuesta HTTP. Alternativa disponible: el administrador puede resetear manualmente la contraseña del usuario vía PUT /contrasena/usuarios/{id} mientras se corrige el defecto (severidad Severo, no Crítico).",Sebastian
1,INC-M01-13-049,"El mensaje de error LIMITE_SOLICITUDES_EXCEDIDO de POST /contrasena/recuperar informa una hora de reintento incorrecta. El código calcula proxima_vez = hace_una_hora + timedelta(hours=1), donde hace_una_hora = ahora - 1h; matemáticamente esto siempre da como resultado ahora de nuevo, en vez de la hora real en que expira el límite (que debería calcularse a partir del timestamp de la solicitud más antigua de las 3 contabilizadas, + 1 hora). El usuario recibe un mensaje que dice ""podrá intentarlo de nuevo"" a la hora exacta en que ya intentó y fue rechazado — información engañosa, no útil.",RF-08,HTTP_COM,Desarrollo,Baja,3 días hábiles,2026-09-03,2026-09-06,Cerrado,2026-09-11,"Detectado durante ejecución de TC-M01-049 (medición de rendimiento de generación de token). Ejemplo real capturado: solicitud hecha a las 06:39:57, mensaje respondido: ""Podrá intentarlo de nuevo a las 06:39:57"" — misma hora exacta, en vez de una hora después. Reproducible en cualquier solicitud que exceda el límite de 3/hora. Código relevante: src/identity_access/application/use_cases/contrasena/solicitar_recuperacion_use_case.py, línea con proxima_vez = hace_una_hora + timedelta(hours=1). Sugerencia de fix: usar el timestamp de la solicitud más antigua dentro de la ventana de 1h (no ahora - 1h) como base del cálculo.",Daniela
1,INC-M01-14-044,"Ante un fallo del servicio SMTP (agotados los reintentos), el sistema responde 503 en lugar de mantener el 202 con el mensaje genérico que exige la ficha. Además, no existe ningún mecanismo de alerta interna al administrador para este escenario (segundo requisito de la ficha, tampoco implementado).",RF-08,HTTP_COM,Desarrollo,Medio,2 días hábiles,2026-09-03,2026-09-05,Cerrado,2026-09-11,"Ejecutado con test_tc_m01_044_fallo_smtp.py: ambas pruebas fallan, confirmando que el fallo simulado de SMTP produce 503 en vez de 202 y que no existe ningún disparo de alerta al administrador",Daniela
1,INC-M01-15-054,"Al reutilizar un token de restablecimiento ya usado exitosamente, el sistema responde 401 (TOKEN_INVALIDO) en lugar del 409 (Conflict) que exige la ficha; usa el mismo código que un token simplemente corrupto o inexistente, sin diferenciar los dos casos",RF-09,HTTP_COM,Desarrollo,Baja,3 días hábiles,2026-09-03,2026-09-06,Cerrado,2026-09-11,"Se reutilizó el mismo token dos veces (uno de TC-040, otro de TC-050), ambos con el mismo resultado (401 TOKEN_INVALIDO en vez de 409)",Daniela
1,INC-M01-17-058,"POST /contrasena/restablecer no bloquea tras 5 intentos consecutivos con token inválido — permite intentos ilimitados sin ninguna restricción de fuerza bruta, a diferencia del cambio de contraseña autenticado (TC-032) que sí bloquea correctamente",RF-09,ESTADO,Desarrollo,Severo,1 día hábil,2026-09-03,2026-09-04,Cerrado,2026-09-11,"Se enviaron 5 intentos consecutivos con tokens inválidos distintos; los 5 respondieron 401 (incluido el 5to), sin ningún bloqueo — se esperaba 423 en el intento 5",Daniela
1,INC-M01-18-092,"Las acciones administrativas de bloqueo (bloquear) y desactivación (inactivar) de una cuenta cambian correctamente el estado y quedan registradas en auditoría, pero no generan ninguna notificación al usuario afectado — este solo se entera cuando intenta iniciar sesión y falla",RF-14,FLUJO,Desarrollo,Medio,2 días hábiles,2026-09-03,2026-09-05,Cerrado,2026-09-11,"Se aplicaron las acciones ""bloquear"" e ""inactivar"" sobre la cuenta de María García desde una cuenta Administrador; el estado cambió correctamente y quedó en auditoría, pero el conteo de notificaciones de la cuenta afectada no varió en ningún caso",Daniela
1,INC-M01-19-112,"Al exceder el límite de 3 solicitudes de recuperación por hora, el sistema responde 422 en vez de 429, contradiciendo su propia documentación OpenAPI y la jerarquía de errores del proyecto (TooManyRequestsError → 429)",RF-08,HTTP_COM,Desarrollo,Medio,2 días hábiles,2026-09-03,2026-09-05,Cerrado,2026-09-11,"Ejecutado con tc-m01-112.json: se enviaron 4 solicitudes consecutivas desde el mismo origen; la 4ta (y una 5ta de confirmación 28s después) respondieron 422 en vez de 429, con el mismo error_code en ambas",Daniela
1,INC-M01-20-112,"El mensaje de límite excedido indica una ""hora de reintento permitido"" que en realidad es siempre la hora actual de la respuesta, no la hora real de desbloqueo (ej. hora actual + 1 hora) — información engañosa para el usuario",RF-08,HTTP_COM,Desarrollo,Baja,3 días hábiles,2026-09-03,2026-09-06,Cerrado,2026-09-11,"Confirmado dos veces con ~28 segundos de diferencia: ambos mensajes mostraron la hora en que se preguntó, no una hora futura de desbloqueo; el bloqueo en sí funciona correctamente, solo el dato mostrado es incorrecto",Daniela
1,INC-M01-21-041,"Un atacante puede distinguir si un correo está registrado midiendo el tiempo de respuesta de POST /contrasena/recuperar: un correo existente tarda consistentemente ~3.5-4.5s (por el envío síncrono de correo) mientras uno inexistente responde en menos de 200ms, aunque el código HTTP y el cuerpo de la respuesta sean idénticos",RF-08,INFRAESTRUC,Desarrollo,Severo,1 día hábil,2026-09-03,2026-09-04,Cerrado,2026-09-11,"comparación válida entre correo existente e inexistente (ambos 202, mismo cuerpo exacto) mostró una diferencia de 3786ms en el tiempo de respuesta (3930ms vs 144ms), confirmando que el envío síncrono de correo solo para cuentas existentes crea un canal lateral de tiempo explotable para enumerar usuarios",Daniela
1,INC-M01-22-074,"En la vista de Auditoría (/auditoria), el botón ""Exportar CSV"" queda fuera del área visible a 1280px de ancho (breakpoint estándar de escritorio ""lg""). La barra de acciones desborda hacia la derecha: getBoundingClientRect().right = 1446px vs viewportWidth = 1280px (166px fuera de pantalla, junto al botón ""Simular archivado""). El botón existe, está habilitado y funciona correctamente al hacer clic; el problema es que no es alcanzable con un clic real sin hacer scroll horizontal manual, sin ningún indicio visual de que la barra continúa fuera de pantalla.",RF-10,UI/UX,Desarrollo,Medio,2 días,2026-09-03,2026-09-05,Cerrado,,"Con la vista de Auditoría ya cargada, al perder la conexión el botón ""Exportar CSV"" sigue visible y habilitado, pero su posición real queda 166px fuera del borde derecho de la pantalla (right=1446px contra un ancho de viewport de 1280px, un tamaño de escritorio estándar). No hay barra de scroll visible ni ningún otro indicio de que el botón sigue ahí — el usuario no tiene forma de saber que debe desplazar la pantalla hacia la derecha para alcanzarlo. Se confirmó además que ""Exportar CSV"" sí depende de la conexión (dispara una petición real al backend) y que, cuando esa petición falla, la aplicación sí avisa con una alerta (""Error al exportar CSV — Ocurrió un error inesperado. Intenta nuevamente.""), aunque el mensaje no aclara que el problema es la falta de conexión.",Laura
1,INC-M01-23-045,"Cualquier cuenta con rol Administrador que acumule 5 intentos fallidos de login (correctos o no) recibe HTTP 500 en vez de HTTP 423. Causa raíz: al 5to intento, el sistema intenta bloquear la cuenta (UPDATE id_estado_cuenta), pero el trigger trg_fn_proteger_estado_cuenta_admin rechaza cualquier cambio de estado sobre roles marcados es_protegido=true (Administrador lo es), sin excepción para el propio mecanismo automático de seguridad. La excepción no se traduce y sube como error genérico. Efecto: el control de fuerza bruta de RF-02 no funciona para ningún Administrador del sistema; intentos_fallidos nunca pasa de 4 en base de datos porque cada intento hace rollback.",RF-02 (relacionado RF-06),INFRAESTRUC,Desarrollo + DBA,Severo,1 día,2026-09-05,2026-09-05,Cerrado,2026-09-11,"Reproducido con dos cuentas Administrador distintas y con contraseña deliberadamente incorrecta (descarta clave desactualizada como causa). Confirmado en base de datos: intentos_fallidos=4, bloqueado_hasta=NULL, rol Administrador con es_protegido=true, y 5 administradores activos en el sistema (no es el último admin, por lo que RF-06 no debería aplicar su protección aquí). Se leyó el código fuente del trigger confirmando que lanza RAISE EXCEPTION 'PROTECTED_ADMIN' ante cualquier cambio de estado sobre un rol protegido. Emparentado con INC-M01-03-119 (mismo patrón: trigger de protección de roles mal diseñado).",Daniela
1,INC-M01-24-088,"POST /sesiones/refresh responde siempre HTTP 500 con error_code: AUDITORIA_OBLIGATORIA_FALLIDA (""No se pudo generar el registro de auditoría obligatorio... REFRESH_TOKEN_ROTADO ha sido cancelada""). El access token vive solo en memoria (nunca en localStorage, por diseño); cuando se pierde — recarga de página, expiración a las 8h — el frontend depende de este endpoint para renovar la sesión sin re-login. Al fallar siempre, cualquier usuario pierde la sesión por completo ante esos eventos.",RF-02 (afecta también a RF-13 y a cualquier caso que dependa de sesión persistente),INFRAESTRUC,Desarrollo,Severo,1 dia habil,2026-09-14,2026-09-15,Cerrado,,"Reproducido también por curl fuera de Cypress (login real + cookie refresh_token real → 500 consistente, 2 veces). Causa raíz confirmada por lectura de BD (solo lectura, conexión member_qa): modulo1.tipos_eventos no tiene fila para id_tipo_evento=23; el catálogo salta de 22 (PROVISION_AGROFUSION_SYNC) a 25 (FALLO_ARCHIVADO_AUDITORIA). refresh_token_use_case.py usa TIPO_REFRESH_TOKEN_ROTADO = 23, un valor nunca sembrado. Detectado durante reevaluación de TC-M01-088 (RF-13/TC-M01-088/EvaluacionV2/RESULTADOS/TC-M01-088_reevaluacion_V2.md). Fix sugerido: sembrar la fila faltante en modulo1.tipos_eventos para id 23 (y verificar si 24 también falta).",Maria Jose
1,INC-M01-38-71,"El historial de auditoría presenta registros repetidos entre páginas consecutivas al consultar la paginación con un tamaño de 50 registros. El evento id_evento 10396 aparece en las páginas 1 y 2, y el evento id_evento 10347 aparece en las páginas 2 y 3.",RF-10,Funcional / Paginación,DESARROLLO,MEDIA,2 DIAS HABILES,2026-09-12,2026-09-14,Abierto,—,Evidencia Newman TC-M01-71. Autenticación exitosa. El endpoint /auditoria/ retorna 50 registros por página y un total de 10.351 registros. Se detectaron duplicados: 10396 entre páginas 1-2 y 10347 entre páginas 2-3.,
1,INC-M01-39-72,El botón Exportar del historial de auditoría permanece habilitado cuando el navegador está en estado offline.,RF-10,Funcional / Resiliencia / Offline,DESARROLLO,MEDIA,3 DIAS HABILES,2026-09-12,2026-09-14,Abierto,—,"TC-M01-074 ejecutado con Cypress 14.5.4. Login exitoso con administrador. Se ingresó a Auditoría y se verificó el botón Exportar. Se simuló navigator.onLine = false y se disparó el evento offline. El botón permaneció habilitado (disabled=false, sin aria-disabled=""true""). Resultado: 0 passing / 1 failing.",
1,INC-M01-55-G74,"La exportación de auditoría permanece habilitada cuando la interfaz está sin conexión. Al simular estado offline en /auditoria, el botón Exportar CSV continúa habilitado (disabled=false y sin aria-disabled), incumpliendo el criterio de RF-10 de que la exportación debe estar deshabilitada sin conexión.",RF-10,Funcional / Resiliencia offline / Frontend,diseño/front,Severo,1 dia habil,2026-09-24,2026-09-25,Abierto,,"Reproducido en TEST con prueba corregida. Login admin@pecuaria.co HTTP 200; /auditoria estable mediante GET HTTP 206, sin 401 ni refresh durante la ejecución. Online: Exportar CSV habilitado. Offline: navigator.onLine=false, la página permanece en /auditoria y el botón continúa habilitado. AuditoriaPage no vincula Exportar con useOnlineStatus; el estado disabled depende de eventos.length. El CSV se genera localmente mediante Blob. BUG-1827 es independiente y no se reprodujo durante esta ejecución. Evidencia: tc_m01_074_rev2.cy.js, cypress.config.rev2.cjs, TC-M01-074_rev2_test.html, .json, notas, ejecución y screenshots.",laura
1,INC-M01-57-G71,"En el módulo de Auditoría, la paginación de registros presenta duplicidad de registros entre páginas debido a que la interfaz no conserva ni envía el parámetro fecha_hasta utilizado como ancla temporal para mantener estable el conjunto de resultados durante la navegación.
Pasos para reproducir:
1. Ingresar al sistema con un usuario autorizado para consultar el historial de auditoría.
2. Ingresar al módulo Auditoría.
3. Consultar la primera página del historial.
4. Avanzar a la segunda página y posteriormente a la tercera.
5. Comparar los identificadores de los registros entre las páginas.",RF-10,duplicados entre páginas,Desarrollo,severo,1 dias habiles,2026-09-25,2026-09-26,Abierto,,"Resultado esperado:
La paginación debe mantener un ancla temporal (fecha_hasta) durante toda la navegación entre páginas, de manera que el conjunto de resultados permanezca estable y ningún registro se repita entre páginas mientras el usuario consulta el historial.
Validación realizada:
La API fue evaluada utilizando el parámetro fecha_hasta como ancla y la paginación funcionó correctamente, sin registros duplicados entre las páginas evaluadas. El problema se mantiene específicamente en la integración de la interfaz, ya que el frontend no conserva/envía dicho parámetro al cambiar de página.
Impacto:
El usuario puede visualizar registros repetidos durante la consulta del historial de auditoría, afectando la consistencia de la paginación y la confiabilidad de la consulta del historial.",laura
1,"INC-M01-71 , 74 Y 119","Las credenciales del usuario Administrador en el ambiente TEST (admin@pecuaria.co) retornan HTTP 500 – ERROR_INTERNO al realizar POST /sesiones/. Debido a que no se genera el token de autenticación, las solicitudes posteriores de los casos TC-M01-71, TC-M01-74 y TC-M01-119 retornan 401 Unauthorized, impidiendo completar su ejecución.",RF03 / RF 10,Ambiente / Autenticación,base de datos,Media,2 días hábiles,2026-09-12,2026-09-14,Abierto,—,"Afecta TC-M01-71, TC-M01-74 y TC-M01-119. El HTTP 500 fue validado mediante Newman y petición directa al backend TEST. Se encuentra pendiente la confirmación o corrección de las credenciales/cuenta del Administrador.",
1,INC-M01-\16-057,"El sistema acepta sin problema un restablecimiento de contraseña donde la nueva contraseña es idéntica a la actual, en vez de rechazarlo con 409 como exige la ficha — no existe ninguna validación que compare la nueva contraseña contra la actual",RF-09,UNICIDAD,Desarrollo,Medio,2 días hábiles,2026-09-03,2026-09-05,Cerrado,2026-09-11,ver TC-M01-057,Daniela
2,INC-M02-100-G31,"El endpoint POST /activos-biologicos/{id}/eventos/crecimiento retorna HTTP 500 ERROR_INTERNO (""Error inesperado en base de datos"") al intentar registrar un evento de crecimiento sobre el lote 130. No es duplicado del PR #254 (los triggers de crecimiento usan el enum 'POBLACIONAL' correctamente) ni del INC‑M02‑37‑G24 (el lote 130 sí tiene fase activa id_gestion_fases=35). El fallo se produce en la capa de persistencia y se registra en bitácora con tipo_evento='EVENTO_CRECIMIENTO_FALLIDO'.",RF-36,FLUJO,Desarrollo,Severo,1 dia,2026-10-11,2026-09-12,Cerrado,,"Detectado en TC‑M02-G31 / TC‑M02-196 con Newman contra backend TEST. Evidencia: reporte_TC-M02-196.html tests/Test_Testing/Test_Modulo2/RF-36/TC-M02-G31/RESULTADOS/. Bitácora: id_bitacora=1200, rf_origen='RF40', tipo_evento='EVENTO_CRECIMIENTO_FALLIDO'. Request‑Id: b8e5cf87-bf0d-4f98-af31-aefe6a7758f9.",Sebastian
2,INC-M02-101-G32,"El endpoint POST /activos-biologicos/{id}/eventos/productivo responde HTTP 422 TIPO_PRODUCTO_NO_HABILITADO_FASE al intentar registrar un evento productivo sobre un lote poblacional activo (Lote 130, Cachama Blanca, ciclo id_ciclo_productiva = 4). Causa: la tabla modulo9.metricas_ciclo_productivo no tiene vinculadas las métricas de producción con los ciclos productivos activos en TEST (36 registros existentes, pero ninguno cubre los ciclos activos). No es bug de código: el use case de M02 valida correctamente la precondición. Requiere poblar datos semilla en M09.",RF-36,INFRAESTRUC,Desarrollo-DBA,Medio,2 dias,2026-09-11,2026-09-13,Cerrado,2026-09-12,"Detectado en TC‑M02-G32 / TC‑M02-198 con Newman contra backend TEST. Lote 130 inalterado (cantidad_actual=5, peso_promedio=2.50). Reporte HTML: tests/Test_Testing/Test_Modulo2/RF-36/TC-M02-G32/RESULTADOS/reporte_TC-M02-198.html. Informe consolidado: resultado_tc_m02_g32.md. Impacto: bloquea re‑ejecución de TC‑M02-198 y potencialmente otros casos de eventos productivos.",Sebastian
2,INC-M02-19-G24 v2.0,"El endpoint POST /activos-biologicos devuelve HTTP 500 ERROR_INTERNO ante cualquier payload válido de creación de activo biológico (poblacional o individual). La validación Pydantic pasa correctamente (devuelve 400/422 cuando corresponde), pero la excepción se produce en la capa de persistencia antes del commit, causando rollback transaccional. Confirmado con réplica exacta del payload del lote #352 (último creado con éxito el 12/09/2026 19:04 UTC): la misma carga que antes respondía 201 ahora falla con 500. Regresión confirmada en el ambiente TEST.",RF-36,FLUJO,Desarrollo,Severo,1 dia habil,2026-09-14,2026-09-15,Cerrado,,"Evidencia en RESULTADOS/2026-09-14_reevaluacion/: TC-M02-G24_reevaluacion_2026-09-14.md, cypress_stdout_2026-09-14.log, postman_stdout_2026-09-14.log, TC-M02-G24_postman_resultado_2026-09-14.json",JuanSG
2,INC-M02-28-g35,"El caso de uso que asigna fase productiva (CambiarFaseUseCase, POST /activos-biologicos/{id}/fases) omite el argumento usuario_id al invocar cerrar_gestion_activa() en el repositorio (3 de los 4 parametros requeridos), lo que produce un TypeError no controlado -> 500 Internal Server Error en cualquier intento de asignar una fase productiva. Como ningun activo puede llegar a tener una fase activa, bloquea en cascada la validacion del cierre exitoso del ciclo productivo (RF-38).",RF-38,FLUJO - Flujo / Proceso,Desarrollo,Severo,1 dia habil,2026-09-15,2026-09-16,Cerrado,,"(2026-09-10) y reintento v2.0 (2026-09-15) -- con el mismo error exacto en ambas. Correccion propuesta, de una sola linea: agregar usuario.id_usuario como cuarto argumento en esa llamada.",Daniela Castillo
2,INC-M02-29-g36,"El endpoint POST /activos-biologicos/{id}/eventos/baja devuelve 500 Internal Server Error (error_code ERROR_INTERNO, ""Error inesperado en base de datos"") en cualquier intento de dar de baja a un activo biologico individual, impidiendo llevarlo a un estado terminal por esta via. La causa no esta en la capa de aplicacion (la llamada a aplicar_cambio_estado() ya esta bien formada); se sospecha un disparador (trigger) de base de datos con una condicion no cubierta, o la ausencia de la fila BAJA en el catalogo modulo2.estados_activos_biologicos, aun sin confirmar.",RF-38,FLUJO - Flujo / Proceso,Desarrollo,Severo,1 dia habil,,,Cerrado,,Reconfirmado en el reintento v2.0 (2026-09-15) con el mismo error_code y el mismo mensaje exacto de la ronda 1. Se descarto la hipotesis de un error de firma de funcion,Daniela Castillo
2,INC-M02-30-g52,"POST /activos-biologicos devuelve 500 Internal Server Error (ERROR_INTERNO) de forma consistente ante cualquier intento de registrar un activo biologico nuevo, incluso con un payload completo y valido (reproducido en 3 ejecuciones consecutivas, no intermitente). Bloquea la generacion de datos de prueba nuevos para todo el modulo 2 -- no solo esta ficha -- e impide en particular ejecutar TC-M02-097 (control de acceso a datos clinicos, RF-46). Se descarto que comparta causa raiz con el defecto de fechas ya corregido de TC-M02-G49 (la tabla modulo2.historial_activos no tiene disparadores de coherencia temporal); la causa raiz especifica de este 500 aun no se ha podido aislar por revision estatica de codigo.",RF-41,FLUJO - Flujo / Proceso,Desarrollo,Critico,Mismo dia (maximo 4 horas),2026-09-15,2026-09-15,Cerrado,,"de 84 activos POBLACIONAL en TEST, solo 2 tienen datos clinicos reales, y ambos pertenecen a la finca de otro caso de prueba (id_usuario=2), por lo que no hay dato propio ni libre para sustituir la creacion. Nota aparte (no incluida en esta fila): la revision de codigo confirmo ademas que RF-46 (restriccion de datos clinicos por rol) no esta implementada en ConsultarEventosUseCase -- hallazgo estatico, pendiente de confirmar en vivo una vez se corrija este bloqueo; se recomienda registrarlo como un INC aparte cuando se pueda verificar por ejecucion.",Daniela Castillo
2,INC-M02-31-G29 v2.0,"El endpoint POST /activos-biologicos/{id}/eventos/crecimiento devuelve HTTP 500 ERROR_INTERNO al intentar registrar un evento de crecimiento sobre un lote poblacional activo con payload válido. Las validaciones de negocio previas (estado activo, fase productiva, tipo de medición) pasan correctamente, pero la operación falla antes de persistir y hace rollback. Impacto: bloquea el registro de eventos de crecimiento en TEST.",RF-36,FLUJO,Desarrollo,Critico,Mismo dia (maximo 4 horas),2026-09-15,2026-09-15,Cerrado,2026-09-10,Reproducido en TC-M02-G29 (subcaso TC-M02-203) y TC-M02-G31 (subcaso TC-M02-196). Lote inalterado tras el fallo por rollback transaccional. Evidencia: tests/Test_Testing/Test_Modulo2/RF-36/TC-M02-G29/EvaluacionV2/RESULTADOS/G29-REEVAL-V2-20260915-000800/ y tests/Test_Testing/Test_Modulo2/RF-36/TC-M02-G31/EvaluacionV2/RESULTADOS/G31-REEVAL-V2-20260915-012500/,JuanSG
2,INC-M02-32-G31 v2.0,"El endpoint POST /activos-biologicos/{id}/eventos/crecimiento devuelve HTTP 500 ERROR_INTERNO al intentar registrar un evento de crecimiento sobre un lote poblacional activo con payload válido. Las validaciones de negocio previas (estado activo, fase productiva, tipo de medición) pasan correctamente, pero la operación falla antes de persistir y hace rollback. Impacto: bloquea el registro de eventos de crecimiento en TEST.",RF-36,FLUJO,Desarrollo,Critico,Mismo dia (maximo 4 horas),2026-09-15,2026-09-15,Abierto,,,JuanSG
2,INC-M02-33-G32 v2.0,El endpoint POST /activos-biologicos/{id}/eventos/productivo devuelve HTTP 500 ERROR_INTERNO al intentar registrar un evento productivo sobre un lote poblacional activo con payload válido. Igualmente devuelve HTTP 500 cuando se envía un tipo_producto no catalogado (debería responder 400/422).,RF-36,FLUJO,Desarrollo,Critico,Mismo dia (maximo 4 horas),2026-09-15,2026-09-15,Cerrado,2026-09-12,Reproducido en TC-M02-G32 (subcasos TC-M02-198 y TC-M02-199 Variante A). Lote 130 inalterado por rollback. Evidencia: tests/Test_Testing/Test_Modulo2/RF-36/TC-M02-G32/EvaluacionV2/RESULTADOS/G32-REEVAL-V2-20260915-041800/,JuanSG
2,INC-M02-34-G29/G31 v2.0,"La bitácora modulo2.bitacora_auditoria_m02 registra consultas de lotes POBLACIONALES con tipo_evento = 'ACTIVO_INDIVIDUAL_CONSULTA', lo cual no discrimina el tipo real del activo consultado. El campo tipo_activo sí registra 'POBLACIONAL' correctamente, pero tipo_evento no. Impacto: menor (legibilidad de auditoría).",RF-36,FLUJO,Desarrollo,Bajo,3 días hábiles,2026-09-15,2026-09-18,Cerrado,2026-09-18,"id_bitacora=1898 (lote 344, G31) e id_bitacora=1302 (lote 300, G29). En ambos: tipo_activo='POBLACIONAL' pero tipo_evento='ACTIVO_INDIVIDUAL_CONSULTA'.",JuanSG
2,INC-M02-35-G84 v2.0,"El endpoint POST /activos-biologicos/{id_activo}/sensores nunca devuelve la advertencia informativa que exige RF-49 cuando el dispositivo IoT asociado esta desconectado (mas de 30 minutos sin heartbeat). El campo ""advertencia"" en la respuesta HTTP 201 siempre retorna null porque esta cableado de forma estatica en el router (advertencia=None hardcodeado en activo_biologico_router.py, linea ~1170) y el caso de uso AsociarSensorActivoUseCase no tiene inyectado ningun puerto hacia M03 (Telemetria) que le permita consultar el estado real del dispositivo antes de responder. Como consecuencia, el operador que asocia un sensor a un animal o lote nunca recibe el aviso de que el dispositivo esta desconectado, por lo que no sabe que las lecturas podrian no reflejarse de inmediato; el flujo alterno FA-05 de RF-49 CU11 nunca se ejecuta.",RF-49,FLUJO,Desarrollo,MEDIO,3 dias,2026-09-15,2026-09-17,Abierto,,"Confirmado en reevaluacion V2 (2026-09-15) con corrida Newman en TEST: PASS PARCIAL 3/4, TC-M02-150 falla la asercion del campo advertencia. Se descarto el cambio a DEV: tiene el mismo codigo defectuoso desplegado y carece de los fixtures (activos 108/109/83/110 devuelven 404). Informe unico: tests/Test_Testing/Test_Modulo2/RF-49/TC-M02-G84/EvaluacionV2/RESULTADOS/G84-REEVAL-V2-20260915-161500/TC-M02-G84_reevaluacion_V2.md. Commit origen del gap: 893048287.",JuanSG
2,INC-M02-36-G85 v2.0,"El endpoint POST /activos-biologicos/{id_activo}/sensores no valida que el sensor sea compatible con la especie del activo biologico, incumpliendo RF-49 Precondicion 5, Restriccion 3 y Flujo Alterno FA-04. En la practica el sistema permite asociar cualquier sensor a cualquier animal sin verificar compatibilidad biologica, como si un sensor parametrizado para aves pudiera conectarse sin problema a un bovino. Causa raiz triple: (1) la tabla modulo9.sensores no tiene atributo de especie, solo id_dispositivo_iot, nombre, categoria (TEMPERATURA, HUMEDAD, PH, etc.) y es_activo; (2) no existe en la base de datos ninguna tabla de compatibilidad entre categorias de sensores y especies animales; (3) conflicto de nomenclatura del catalogo ""I3P-1"": el RF-49 lo define como catalogo de compatibilidad especie-sensor, mientras el codigo lo implementa como catalogo de variables fisico-quimicas ambientales (modulo9.variables_ambientales). El propio equipo de desarrollo dejo constancia el 29/06/2026 (commit 893048287, archivo anotaciones/modulo_2/cu11_gaps_bd_rf49.md) de que la validacion no se implementaria en CU11 por falta de modelo de datos.",RF-49,FLUJO,Desarrollo,MEDIO,3 dias,2026-09-15,2026-09-17,Cerrado,2026-09-17,"Confirmado en reevaluacion V2 (2026-09-15) con corrida Newman en TEST: PASS PARCIAL 3/4, TC-M02-150 falla la asercion del campo advertencia. Se descarto el cambio a DEV: tiene el mismo codigo defectuoso desplegado y carece de los fixtures (activos 108/109/83/110 devuelven 404). Informe unico: tests/Test_Testing/Test_Modulo2/RF-49/TC-M02-G84/EvaluacionV2/RESULTADOS/G84-REEVAL-V2-20260915-161500/TC-M02-G84_reevaluacion_V2.md. Commit origen del gap: 893048287.",JuanSG
2,INC-M02-37- G33,"Cuando un activo biológico salta de fase fuera de la secuencia estándar con confirmación explícita (por ejemplo, de la fase 1 directo a la 3), la transición se registra bien, pero el historial de fases no conserva la evidencia de que fue una transición no estándar confirmada, como exige el RF.

Reproducido en el ambiente de pruebas con un activo nuevo (trucha, ciclo ""Ciclo completo trucha 2025-A"", 3 fases). Se registra la fase 1 y luego se envía POST /activos-biologicos/{id}/fases con fase_destino_id apuntando a la fase 3 y confirmacion_no_estandar: true. El sistema responde 201 con paso_actual: 3 y es_transicion_no_estandar: true, lo cual es correcto. Pero al consultar el historial con GET /activos-biologicos/{id}/fases, esa misma fase (mismo id_gestion_fases) aparece con es_transicion_no_estandar: false. La respuesta de creación y el historial se contradicen, y un usuario que consulte el historial no puede saber que ese salto fue excepcional y confirmado.

Causa: la tabla del historial de fases (modulo2.gestiones_fases) no tiene una columna para guardar ese dato, y el registro de la nueva fase no lo guarda. La respuesta del POST muestra el valor que el sistema tenía en memoria en ese momento, pero no queda persistido. Por eso el historial siempre lo muestra como false. El dato solo queda en la bitácora de auditoría del módulo 2 (evento FASE_CAMBIADA, marcado como no estándar), que no es el historial que consulta el usuario.",RF-37,Persistencia de datos: información de negocio que no se guarda (inconsistencia entre la respuesta y el historial),Desarrollo,Medio,3 días hábiles,2026-09-26,2026-09-29,Abierto,,"Detectado en la reevaluación del 26-sep con Postman/Newman contra TEST: 12 validaciones, de las que falla solo esta. Lo demás funciona: el cambio de fase estándar (201, paso 1), el salto confirmado que respeta el destino pedido (201, paso 3) y el cierre de la fase anterior (queda inactiva y con fecha de finalización). La falta de la columna se confirmó con una consulta de solo lectura a la BD de TEST, y la marca en la bitácora de auditoría también se verificó en la BD. Corrección sugerida: agregar la columna al historial de fases con su migración, guardarla al registrar la fase y devolverla al consultar el historial. La funcionalidad de saltos de fase, que el 19-sep aún no existía, ya está implementada. Nota para quien pruebe: fase_destino_id es el identificador interno de la fase dentro del ciclo, no el número de paso. En TEST las fases del ciclo 2 tienen los identificadores 4, 5 y 6 para los pasos 1, 2 y 3, y enviar el número de paso (por ejemplo 3) se rechaza con 400 FASE_DESTINO_INVALIDA, lo cual es correcto.",Juan Manuel
2,INC-M02-37-G24,"1. Fallo Raíz en Asociación de Fase: Al intentar vincular un activo poblacional (lote) a un ciclo biológico recién creado vía RF-16 (POST /activos-biologicos/{id}/fases), el backend responde HTTP 400 con error_code: CICLO_INVALIDO (""El ciclo productivo especificado no existe o no está activo""). Se identificó una desconexión de modelo de datos: los ciclos creados en configuración se persisten en la tabla configuracion.ciclos_biologicos, pero el endpoint de fases consulta la tabla operacion.ciclos_productivos, imposibilitando activar fases productivas en lotes nuevos.

2. Bloqueo en Cadena de Eventos de Crecimiento: Debido al fallo de RF-37, el registro de mediciones (POST /activos-biologicos/{id}/eventos/crecimiento) queda bloqueado por regla de negocio respondiendo HTTP 422 con error_code: SIN_FASE_ACTIVA.

3. Excepción No Controlada en Eventos de Baja (TC-M02-050): Al registrar una baja con un DTO  verificado contra OpenAPI (tipo_baja: ""muerte""), el backend sufre una excepción no controlada en base de datos respondiendo HTTP 500 ERROR_INTERNO (""Error inesperado en base de datos"").

4. Falta de Cálculo en Métrica de Densidad (TC-M02-048): La API y la interfaz Web (Cypress) retornan densidad: null en lugar de calcular dinámicamente $\frac{\text{cantidad_actual}}{\text{superficie}}$ ($100 / 500.00 = 0.2000$).",RF-36,FLUJO — Proceso de varias etapas (creación de lote -> asignación de ciclo -> eventos zootécnicos) interrumpido por desconexión entre modelos de tablas y excepciones no controladas en BD.,Desarrollo,Severo,1 dia habil,2026-09-08,2026-09-09,Cerrado,,"Detectado durante la ejecución de la suite automatizada TC-M02-G24 (Cypress UI + Postman/Newman).

1. Trazabilidad de Evidencias:
- Reportes Newman: testing/test_testing/Modulo2/RF-36/TC-M02-G24/RESULTADOS/TC-M02-G24/TC-M02-G24_postman_resultado.json
- Ejecución Cypress UI: videos/TC-M02-048_ficha_lote_ui.cy.ts.mp4 y screenshot screenshots/01_ficha_lote_ui.png.

2. Reproducción Determinista de RF-37:
- POST /configuracion/ciclos -> HTTP 201 Created (id_ciclo_biologico: 25).
- POST /activos-biologicos -> HTTP 201 Created (id_activo_biologico: 103).
- POST /activos-biologicos/103/fases con { ""id_ciclo_productiva"": 25 } -> HTTP 400 CICLO_INVALIDO. Reproducido de forma independiente con IDs de ciclo 10, 11, 23 y 25.

3. Análisis de Esquema OpenAPI / Swagger:
- Se descargó la especificación viva openapi.json (/api-sgpmp-test/openapi.json).
- CambiarFaseDTO exige estrictamente id_ciclo_productiva. Se confirmó que no existen endpoints POST alternativos para crear dicha entidad.
- RegistrarEventoBajaDTO exige tipo_baja restringido a enum [""descarte_sanitario"", ""muerte"", ""perdida"", ""sacrificio"", ""venta""]. El envío de tipo_baja: ""muerte"" desencadena directamente el HTTP 500 ERROR_INTERNO en la capa de persistencia.

4. Verificación de Inmutabilidad (Único comportamiento correcto):
- GET /activos-biologicos/103 confirmó que cantidad_inicial: 100 y peso_promedio_inicial: 10.0 se mantienen inmutables en base de datos pese a los fallos en cascada.",Sebastian
2,INC-M02-37-G87 v2.0,"El rol Productor Agropecuario (id_rol=2) carece del permiso CREATE (accion 1) sobre el recurso asociacion_sensor_activo (id_recurso=30) en la tabla modulo1.permisos del entorno TEST, impidiendo que el Actor Principal del RF-49 pueda asociar sensores a sus activos biologicos. Al intentar POST /activos-biologicos/{id_activo}/sensores sobre un activo de su propia finca, el backend responde HTTP 403 ACCESO_DENEGADO.",RF-49,AUTORIZACION,Desarrollo,Severo,1 dia habil,2026-09-15,2026-09-16,Cerrado,2026-09-17,"Confirmado en reevaluacion V2 (2026-09-15): Rechazado, RBAC persiste en TEST. Verificado via API (POST /activos-biologicos/108/sensores con token de Productor -> HTTP 403) y consulta directa a modulo1.permisos (fila ausente).",JuanSG
2,INC-M02-38-G25,"Omisión de validación de densidad máxima por especie en eventos de crecimiento de lotes poblacionales.

Al registrar un evento de crecimiento (POST /activos-biologicos/{id}/eventos/crecimiento) sobre un lote poblacional, el backend no valida que la densidad resultante (calculada como cantidad_medida / superficie) supere el umbral densidad_maxima configurado para la especie en el Módulo 9.

En lugar de rechazar la operación con HTTP 409 Conflict y el mensaje ""La densidad del lote supera el máximo permitido para la especie"", el sistema acepta el evento (HTTP 201 Created) y modifica el lote (peso_promedio, biomasa_total), dejando la cantidad_actual sin cambios y la densidad calculada de forma pasiva (cantidad_actual / superficie), ignorando completamente el impacto de cantidad_medida.

Esto permite que un lote quede en un estado inconsistente (peso mutado, pero cantidad no actualizada) sin ninguna alerta ni rechazo, violando la regla de negocio definida en RF‑36 (Gestión Poblacional de Activos Biológicos).","RF‑36 (Gestión Poblacional)
RF‑40 (Registro de Eventos de Crecimiento)",FLUJO,Desarrollo,Severo,1 dia,2026-09-08,2026-09-09,Abierto,,"Re-ejecución de TC‑M02‑052 con Newman tras corregir el payload (formato plano) y asignar fase activa al lote 130.
• El backend respondió HTTP 201 Created en lugar del esperado 409 Conflict.
• El lote modificó peso_promedio (de 1.0 a 55.0) y biomasa_total (a 275.00), mientras que cantidad_actual permaneció en 5 y densidad se calculó como 5/500 = 0.01, ignorando cantidad_medida=250.
• Se persistieron 3 eventos de crecimiento en modulo2.eventos_activos.
• Reporte Newman actualizado: tests/Test_Testing/Test_Modulo2/RF-36/TC-M02-G25/RESULTADOS/reporte_TC-M02-052.html.
• Informe consolidado: resultado_tc_m02_g25.md.",
2,INC-M02-38-G90 v2.0,"Al crear una asociacion con tipo_asociacion=AMBIENTAL enviando solo id_infraestructura, se espera que la asociacion quede registrada contra la infraestructura (no contra un activo biologico puntual). Al ejecutar la prueba contra TEST con Newman, el backend responde HTTP 201 Created, pero la asociacion queda persistida con id_activo_biologico=19, atada a un activo puntual en lugar de quedar a nivel de infraestructura. La causa raiz es de diseno de la API: el endpoint POST /activos-biologicos/{id_activo}/sensores exige obligatoriamente un {id_activo} en el path, y no existe ninguna ruta alternativa (por ejemplo POST /infraestructuras/{id}/sensores) ni logica condicional if tipo_asociacion == 'AMBIENTAL' en el caso de uso. El modelo de datos ya soporta id_activo_biologico = NULL (columna nullable en modulo2.asociaciones_activos_sensores), por lo que el bloqueo es 100% de la capa de API/Caso de Uso. Las 3 aserciones Newman pasan porque solo verifican codigo HTTP, tipo_asociacion y estado_asociacion, sin validar la naturaleza de la asociacion a nivel de infraestructura.",RF-49,HTTP_COM / FLUJO,Desarrollo,Severo,2 dia habil,2026-09-15,2026-09-16,Cerrado,2026-09-17,"Confirmado en reevaluacion V2 (2026-09-15): PASS TECNICO en Newman (HTTP 201, 3/3 aserciones) pero FAIL FUNCIONAL por gap de diseno de la API. Respuesta obtenida: {""id_asociacion_activo_sensor"": 38, ""id_activo_biologico"": 19, ""tipo_asociacion"": ""ambiental"", ""estado_asociacion"": ""ACTIVA""}. Modelo BD ya listo (id_activo_biologico nullable en modulo2.asociaciones_activos_sensores). Archivo de codigo afectado: src/biological_assets/infrastructure/routers/activo_biologico_router.py (linea ~1194), src/biological_assets/application/use_cases/gestion/asociar_sensor_activo_use_case.py (linea 53, 81, 152-203).",JuanSG
2,INC-M02-39-G27,"BOLA (Broken Object Level Authorization) en consulta de activos biológicos poblacionales.

El endpoint GET /activos-biologicos/{id_activo} no aplica filtro por finca al consultar un lote. Un usuario autenticado con rol Productor (m2m.nuevo@ejemplo.com, perteneciente a Finca 1) puede obtener con HTTP 200 OK todos los datos de un lote perteneciente a Finca 2 (ej. lote ID 8), incluyendo: especie, cantidad actual, peso promedio, biomasa total, densidad, costo de adquisición y soporte documental.

Impacto de seguridad:
• Exposición de información sensible de otras fincas (costos, inventarios, densidades).
• Posible enumeración de IDs (1,2,3...) para extraer datos de toda la competencia.
• Violación del principio de aislamiento de datos entre granjas, establecido en RF‑19 y M01 (RBAC).

Clasificación OWASP: API1:2023 – Broken Object Level Authorization (BOLA).",RF‑36,AUTORIZACION,Desarrollo,Crítico,4 horas,2026-09-08,2026-09-08,Cerrado,,"• Re‑ejecución de TC‑M02‑058 con Newman.
• Usuario Productor (m2m.nuevo@ejemplo.com) autenticado.
• Petición GET /activos-biologicos/8 (lote de Finca 2) → HTTP 200 OK con datos sensibles.
• Control positivo: GET /activos-biologicos/130 (lote de su propia finca) → HTTP 200 OK (funciona correctamente).
• Reporte Newman: tests/Test_Testing/Test_Modulo2/RF-36/TC-M02-G27/RESULTADOS/reporte_TC-M02-058.html.
• Captura de la respuesta JSON que expone: costo_adquisicion, soporte_documental, cantidad_actual, densidad, etc.",Sebastian
2,INC-M02-39-G90 v2.0,"Durante la prueba TC-M02-221, se envio una solicitud POST /activos-biologicos/1/sensores para asociar un sensor ubicado en la Infraestructura 1 a un activo biologico ubicado en la Infraestructura 2, estando ambas infraestructuras en la misma finca. El backend respondio HTTP 201 Created con estado_asociacion=ACTIVA, aceptando la asociacion entre infraestructuras distintas. Se esperaba que el sistema rechazara la operacion con HTTP 409 Conflict por incoherencia de ubicacion a nivel de infraestructura.",RF-49,FLUJO,Desarrollo,MEDIO,2 dias,2026-09-15,2026-09-17,Cerrado,2026-09-17,"Confirmado en reevaluacion V2 (2026-09-15): Newman 2/2 aserciones PASS. Respuesta obtenida: {""id_asociacion_activo_sensor"": 39, ""id_activo_biologico"": 1, ""tipo_asociacion"": ""directa"", ""estado_asociacion"": ""ACTIVA""}. Codigo que respalda el comportamiento: src/biological_assets/application/use_cases/gestion/asociar_sensor_activo_use_case.py (lineas 130-148, regla V6 compara id_finca, no id_infraestructura). Informe unico: tests/Test_Testing/Test_Modulo2/RF-49/TC-M02-G90/EvaluacionV2/RESULTADOS/G90-REEVAL-V2-20260915-192500/TC-M02-G90_reevaluacion_V2.md.",JuanSG
2,INC-M02-40-G28,"Ausencia de validación de frontera de finca en transferencia interna de lotes poblacionales.

El caso de uso RegistrarTransferenciaUseCase permite transferir un lote poblacional (ID 130) desde una infraestructura de la Finca 1 (ID 3 - Alevinera-01) a una infraestructura de la Finca 2 (ID 4 - Canal-Trucha-01) sin validar que ambas pertenezcan a la misma unidad productiva.

El endpoint POST /activos-biologicos/130/transferencias respondió con HTTP 201 Created en lugar de rechazar la operación con HTTP 400 Bad Request, 403 Forbidden o 422 Unprocessable Entity.

Impacto:
• Un productor o administrador puede trasladar activos biológicos entre fincas distintas, violando la segregación de datos y el modelo operativo definido en RF‑48 (Transferencia Interna).
• Los activos quedan registrados en infraestructuras de fincas ajenas, generando inconsistencias en inventarios, trazabilidad y valoración financiera.
• Permite mezclar inventarios de diferentes unidades productivas sin control.

Clasificación: FLUJO – El error ocurre durante la ejecución del proceso de transferencia, donde se omite una validación de regla de negocio crítica (pertenencia a la misma finca), permitiendo que la operación prosiga y modifique incorrectamente el estado del lote. No es una validación de entrada (el DTO es válido), ni de autorización (el usuario tiene permiso genérico).",RF‑36,FLUJO,Desarrollo,Severo,1 dia,2026-09-08,2026-09-09,Cerrado,,"• Ejecución de TC‑M02‑201 con Newman.
• Usuario Admin autenticado (admin@pecuaria.co).
• Petición POST /activos-biologicos/130/transferencias con payload:
{""infraestructura_origen_id"": 3, ""infraestructura_destino_id"": 4, ""fecha_transferencia"": ""2026-09-08"", ""motivo_transferencia"": ""..."", ""responsable_id"": 1}
• Respuesta: HTTP 201 Created con id_movimiento: 20 y mensaje ""Transferencia registrada exitosamente. El activo fue transferido a Canal-Trucha-01"".
• Consulta GET /activos-biologicos/130 confirmó que id_infraestructura cambió a 4.
• Reporte Newman: tests/Test_Testing/Test_Modulo2/RF-36/TC-M02-G28/RESULTADOS/reporte_TC-M02-201.html",Sebastian
2,INC-M02-40-G89 v2.0,"El ciclo de vida de las asociaciones sensor-activo (RF-49 CU11) no puede administrarse en el ambiente TEST: ninguna de las 3 transiciones formales (desactivación manual ACTIVA→INACTIVA, reactivación INACTIVA→ACTIVA, rechazo de transición inválida hacia SUPERADA) es ejecutable. Toda solicitud PATCH /activos-biologicos/{id_activo}/sensores/{id_asociacion}, sin importar el rol utilizado (Administrador id_rol=1, Ingeniero de Campo id_rol=4), es rechazada con HTTP 403 Forbidden (ACCESO_DENEGADO). Se verificó mediante consulta de solo lectura contra modulo1.permisos que no existe ninguna fila que otorgue la acción UPDATE (id_accion=3) sobre el recurso asociacion_sensor_activo (id_recurso=30) para ningún rol en el ambiente TEST. Es necesario habilitar/implementar dicho permiso para que la funcionalidad quede operativa y pueda validarse.",RF-49,AUTORIZACION,Desarrollo,Severo,1 dias,2026-09-15,2026-09-16,Abierto,,"Reproducido en TC-M02-G89 (subcasos TC-M02-216, TC-M02-218, TC-M02-219), los 3 bloqueados con el mismo HTTP 403. Sonda directa con administador.dev@gmail.com confirma el rechazo. Consulta de verificación: SELECT * FROM modulo1.permisos WHERE id_recurso=30; — no retorna fila con id_accion=3 para id_rol=1 ni id_rol=4. Informe: tests/Test_Testing/Test_Modulo2/RF-49/TC-M02-G89/EvaluacionV2/RESULTADOS/G89-REEVAL-V2-20260915-213200/TC-M02-G89_reevaluacion_V2.md.",JuanSG
2,INC-M02-41-G28,"Omisión de recálculo de densidad poblacional tras transferencia interna de lote a infraestructura con superficie diferente.

Al transferir un lote poblacional (ID 130) desde una infraestructura con superficie 500 m² (ID 3 - Alevinera-01) a una infraestructura de la misma finca con superficie 2500 m² (ID 1 - Estanque-01), el backend actualiza correctamente id_infraestructura en modulo2.activos_biologicos y registra el historial, pero no recalcula el campo densidad en la tabla modulo2.detalles_activos_biologicos_poblacionales.

La densidad permanece en 0.01 (valor calculado con la superficie original de 500 m²: 
5/500= 0.01 5/500=0.01) en lugar de recalcularse a 0.002 (5/2500=0.002 5/2500=0.002).

Impacto:
• Las métricas zootécnicas del lote quedan inconsistentes con su ubicación física real.
• Los indicadores de densidad (utilizados en RF‑51 y M06) son incorrectos, afectando decisiones de manejo y valoración financiera.
• La trazabilidad de la transformación biológica del lote se ve comprometida.

Clasificación: FLUJO – El error ocurre durante la ejecución del proceso de transferencia, donde se omite la actualización de una métrica derivada (densidad) que depende de la nueva superficie. No es un error de validación de entrada ni de autorización; es una omisión en la lógica de negocio que debe ejecutarse como parte del flujo de transferencia.",RF‑37,FLUJO,Desarrollo,Medio,2 dias,2026-09-08,2026-09-10,Abierto,,"• Ejecución de TC‑M02‑202 con Newman.
• Usuario Admin autenticado (admin@pecuaria.co).
• Petición POST /activos-biologicos/130/transferencias con payload:
{""infraestructura_origen_id"": 3, ""infraestructura_destino_id"": 1, ""fecha_transferencia"": ""2026-09-08"", ""motivo_transferencia"": ""..."", ""responsable_id"": 1}
• Respuesta: HTTP 201 Created con id_movimiento: 22 y mensaje ""Transferencia registrada exitosamente. El activo fue transferido a Estanque-01"".
• Consulta GET /activos-biologicos/130 confirmó:
- id_infraestructura cambió a 1 (correcto).
- densidad permaneció en 0.01 (incorrecto, debería ser 0.002).
• Reporte Newman: tests/Test_Testing/Test_Modulo2/RF-36/TC-M02-G28/RESULTADOS/reporte_TC-M02-202.html",
2,INC-M02-41-G91 v2.0,"El código que resuelve el endpoint GET /activos-biologicos/{id_activo}/sensores (PR #321, commit 2b3e3772) existe en el repositorio y está aprobado, pero no se encuentra desplegado en el ambiente TEST. El servidor desplegado sigue respondiendo HTTP 405 Method Not Allowed (Allow: POST) y /openapi.json remoto confirma que el método GET no está expuesto en esa ruta. El permiso RBAC de lectura ya está correctamente sembrado en TEST para los 4 roles; no hay ningún impedimento de código o configuración — el bloqueo es exclusivamente de despliegue.",RF-49,INFRAESTRUC,Implementación,Severo,2 dias,2026-09-15,2026-09-16,Cerrado,2026-09-18,"Sonda real: GET /activos-biologicos/19/sensores con administador.dev@gmail.com → 405. Inspección de /openapi.json remoto confirma ausencia del método GET en esa ruta. Comparado contra código local del PR #321, que sí lo implementa correctamente. Acción requerida: reconstruir/redesplegar el contenedor de TEST con el commit 2b3e3772 o posterior.",JuanSG
2,INC-M02-42-G29,"Trigger de base de datos bloquea el registro de bajas en lotes poblacionales por comparación incorrecta de enum.

La función trigger modulo2.trg_fn_baja_cantidad_valida() evalúa la condición IF v_tipo_activo = 'poblacional' THEN, pero el tipo enum modulo2.enum_activo_biologico_tipo define los valores en mayúsculas: 'POBLACIONAL' e 'INDIVIDUAL'.

Al ejecutar cualquier inserción en modulo2.eventos_bajas para un lote poblacional, PostgreSQL aborta con error: invalid input value for enum modulo2.enum_activo_biologico_tipo: ""poblacional"", resultando en HTTP 500 Internal Server Error para el endpoint POST /activos-biologicos/{id}/eventos/baja.

Impacto:
• Los usuarios no pueden registrar bajas de lotes poblacionales (funcionalidad crítica).
• La auditoría registra BAJA_REGISTRO_FALLIDO, pero la operación no se completa.
• Afecta la gestión de inventario y la trazabilidad de activos biológicos.",RF-36,Flujo,Desarrollo + DBA,Severo,1 dia,2026-09-09,2026-09-10,Cerrado,2026-09-10,"• Ejecución de TC‑M02‑204 con Newman.
• Usuario Admin autenticado (admin@pecuaria.co).
• Petición POST /activos-biologicos/130/eventos/baja con payload válido.
• Respuesta: HTTP 500 Internal Server Error con error_code: ""ERROR_INTERNO"".
• Auditoría registró BAJA_REGISTRO_FALLIDO (ID 297) en modulo2.bitacora_auditoria_m02.
• Reporte Newman: tests/Test_Testing/Test_Modulo2/RF-36/TC-M02-G29/RESULTADOS/reporte_TC-M02-204.html",Sebastian
2,"INC-M02-42-G36 V3,0","POST /acC3:N3tivos-biologicos/{id}/eventos/baja rechaza con 400 FECHA_INVALIDA cualquier intento de dar de baja a un activo el mismo dia UTC en que fue creado, sin importar que fecha_baja se envie. Causa verificada en el codigo: fecha_baja es de tipo date (registrar_evento_baja_dto.py:15) y el caso de uso lo convierte siempre a medianoche UTC de ese dia antes de guardarlo (registrar_evento_baja_use_case.py:61). El trigger modulo2.trg_fn_evento_fecha_coherente (migracion 68232a1efcc2, INC-M02-75-G53) exige que la fecha del evento sea >= la fecha de creacion EXACTA (con hora) del activo. Como el activo se crea con una hora real posterior a medianoche, medianoche del mismo dia siempre queda ""antes"" de esa hora -- y enviar el dia siguiente en su lugar dispara en cambio el rechazo por fecha futura, porque el reloj real todavia no llega a esa fecha. No existe ningun valor de fecha_baja que funcione el mismo dia UTC de la creacion. Alcance verificado: se confirmo especificamente para la baja (RF-45). Se reviso el DTO de eventos sanitarios (fecha de tipo datetime, se reemplaza por datetime.now() si se omite) y NO tiene este problema. No se tuvo acceso al DTO de eventos de crecimiento para verificar si le aplica.",RF-38,REGLA DE NEGOCIO,Desarrollo,Severo,1 dia habil,,,Cerrado,,"Evidencia completa en TC-M02-G36. Request: POST /activos-biologicos/371/eventos/baja {""fecha_baja"": ""2026-09-19"", ...} -> 400 {""error_code"":""FECHA_INVALIDA"",""message"":""La fecha del evento (2026-09-19 00:00:00+00) no puede ser anterior a la fecha de registro del activo (2026-09-19 04:25:29.020648+00).""}. Activo creado el mismo dia (04:25:29 UTC), fecha_baja convertida a medianoche (00:00:00 UTC) del mismo dia -> queda cronologicamente antes de la creacion. Sugerencia de correccion: comparar solo la parte de fecha (v_fecha_creacion::date) en el trigger, o cambiar fecha_baja a tipo datetime igual que el DTO de eventos sanitarios. Bloquea un escenario real de uso (registrar una baja el mismo dia que se registra el activo), no solo la prueba automatizada.",Daniela
2,INC-M02-43-G29,"Omisión de registro de auditoría para operaciones rechazadas por validación de entrada (HTTP 400).

Cuando un usuario intenta modificar directamente un campo no editable (ej. biomasa_total) mediante PATCH /activos-biologicos/{id}, FastAPI rechaza la solicitud en la capa Pydantic (RequestValidationError → HTTP 400 Bad Request con error_code: ""VAL_ENTRADA"").

Debido a que el fallo ocurre antes de ingresar al caso de uso (ActualizarActivoIndividualUseCase), la llamada nunca alcanza al repositorio de auditoría (bitacora_repo.registrar()), y el handler global de errores no emite eventos hacia modulo2.bitacora_auditoria_m02.

Impacto:
• Los intentos rechazados no quedan registrados en la bitácora de auditoría.
• Se viola el criterio de aceptación de RF‑36 y RF‑52, que exigen que toda operación (exitosa o rechazada) quede registrada.
• La trazabilidad completa de las operaciones sobre activos biológicos queda comprometida.",[RF-36],Flujo,Desarrollo,Media,2 dias,2026-09-09,2026-09-11,Abierto,,"Ejecución de TC‑M02‑205 con Newman.
• Usuario Admin autenticado (admin@pecuaria.co).
• Petición PATCH /activos-biologicos/130 con payload {""biomasa_total"": 999.99}.
• Respuesta: HTTP 400 Bad Request con error_code: ""VAL_ENTRADA"".
• Consulta en modulo2.bitacora_auditoria_m02: 0 registros para el intento rechazado (con filtro por resultado IN ('FALLIDO','RECHAZADO')).
• Reporte Newman: tests/Test_Testing/Test_Modulo2/RF-36/TC-M02-G29/RESULTADOS/reporte_TC-M02-205.html.

Análisis de código:
- El endpoint PATCH /activos-biologicos/{id} usa ActualizarActivoIndividualDTO (Pydantic).
- biomasa_total no está definido en el DTO → FastAPI lanza RequestValidationError antes de llamar al caso de uso.
- El handler request_validation_error_handler en src/shared/error_handlers.py no registra el evento en la bitácora.",
2,"INC-M02-43-G52 V3,0","GET /activos-biologicos/{id}/eventos devuelve el historial sanitario completo (campos diagnostico, medicamento y dosis) a cualquier usuario con el permiso generico de lectura sobre activos_biologicos (id_recurso=29, accion=2), sin distinguir si el rol del usuario tiene autorizacion clinica. Confirmado por codigo (ConsultarEventosUseCase.execute() y _evento_to_response() en activo_biologico_router.py no aplican ningun filtro por rol sobre estos campos; src/shared/rbac.py no define ningun recurso RBAC para 'datos clinicos') y confirmado por ejecucion real: una cuenta con rol Ingeniero de Campo, sin autorizacion clinica declarada, vio 2 de 2 eventos sanitarios con diagnostico, medicamento y dosis completos.",RF-41,SEGURIDAD - Control de acceso (OWASP API1/API3),Desarrollo,Critico,Mismo dia (maximo 4 horas),,,Cerrado,,"Evidencia completa en TC-M02-G52: Reintento v3.0 (2026-09-19): POST /activos-biologicos/360/eventos/sanitario registro 2 eventos (DIAGNOSTICO y VACUNACION, con medicamento/dosis); GET /activos-biologicos/360/eventos con token de rol Ingeniero de Campo -> 200 OK, expuso los 2 eventos con datos clinicos completos. Control positivo con token de Administrador confirmo que el mismo endpoint sirve los mismos datos sin diferenciacion. Aserte de Newman: 'expected 2 to deeply equal +0'. Clasificado Critico por exponer datos sensibles (clinicos, categoria protegida) a un rol sin autorizacion, de forma sistematica y sin ninguna mitigacion existente",Daniela
2,INC-M02-44-G08,"Al registrar un activo biológico individual y uno poblacional mediante RF-33, el registro se crea correctamente y queda en estado ACTIVO; sin embargo, al consultar inmediatamente el historial del activo, el endpoint responde 200 OK pero retorna 0 registros. No se genera o no se refleja el snapshot inicial de creación (Evento CREACION / versión 1) esperado en el historial. Esto afecta la trazabilidad del activo desde su creación.",RF-33 – Registrar y asociar activo biológico,Funcional / Integridad y trazabilidad de datos,Desarrollo,Medio,2 días hábiles,2026-09-09,2026-09-11,Abierto,—,"Detectado durante TC-M02-G08. Se registraron correctamente un activo individual (ID 150) y uno poblacional (ID 151), ambos con 201 Created. Al consultar el historial de ambos, la respuesta fue 200 OK, pero total_registros: 0 y registros: []. Según RF-33, el registro inicial debe generar un snapshot de creación en historial_activos. Evidencia: TC-M02-G08-Newman.html.",
2,INC-M02-45-G12,"La configuración activa de RF-16 para la especie 4 – Cachama Blanca no contiene el atributo/métrica dinámica peso_destete ni su rango mínimo y máximo. Por esta ausencia, no es posible ejecutar completamente la validación prevista en TC-M02-014, que requiere comprobar que peso_destete = 5 sea rechazado por encontrarse fuera del rango esperado de 20–40 kg.",RF-33 – Registrar y asociar activo biológico / RF-16 – Configuración de atributos por especie,Configuración / Funcional,Desarrollo,Medio,2 días hábiles,2026-09-09,2026-09-11,Abierto,—,"Detectado durante TC-M02-G12. GET /configuracion/metricas?id_especie=4&solo_activas=true retorna únicamente la métrica Peso, sin peso_destete ni valores mínimo/máximo. TC-M02-013 sí fue validado correctamente: color_pelaje fue rechazado con 400 – ATRIBUTO_INVALIDO. TC-M02-014 queda No ejecutable/Bloqueado por configuración hasta configurar peso_destete en RF-16 y repetir la prueba. Evidencia: TC-M02-G12-Newman.html.",
2,INC-M02-46-G13,"Al registrar un activo biológico poblacional mediante RF-33, el activo se crea correctamente y queda en estado ACTIVO; sin embargo, al consultar inmediatamente su historial, el endpoint responde 200 OK pero retorna 0 registros. No se genera o no se refleja el snapshot inicial de creación esperado, correspondiente al evento CREACION y versión 1. Esto afecta la trazabilidad del activo desde su creación.",RF-33 – Registrar y asociar activo biológico,Funcional/ integridad y trazabilidad de datos,Desarrollo,Medio,2 días hábiles,2026-09-09,2026-09-11,Abierto,—,"Detectado durante TC-M02-G13-020 y ya evidenciado previamente en TC-M02-G08. En G13 se registró correctamente el activo poblacional ID 173 mediante POST /activos-biologicos con 201 Created, cantidad_inicial=10, cantidad_actual=10 y peso_promedio_inicial=2.5000. Al consultar GET /activos-biologicos/173/historial, la respuesta fue 200 OK, pero retornó total_registros=0 y registros=[]. Según RF-33, debe existir un snapshot inicial de creación (CREACION, versión 1). Evidencia: TC-M02-G13-Newman.html.",
2,INC-M02-47-G17,"La configuración de atributos dinámicos disponible para la especie 4 (Cachama Blanca) en RF-16 no permite ejecutar las validaciones de atributo obligatorio ausente ni de tipo de dato incorrecto requeridas por TC-M02-187 y TC-M02-188. La consulta de RF-16 únicamente presenta el atributo Peso, de tipo PESO, unidad kg, aplicable a ambos tipos de activo, pero no expone un atributo dinámico obligatorio ni un atributo con un tipo de dato que permita comprobar estas validaciones. Como consecuencia, los casos de prueba quedan bloqueados por configuración y no es posible verificar que RF-33 rechace correctamente atributos obligatorios ausentes o tipos incompatibles.",RF-33/ RF-16,Configuración / Datos de prueba,Desarrollo,Medio,2 días hábiles,2026-09-09,2026-09-11,Abierto,—,"Evidencia: ejecución TC-M02-G17. RF-16 para especie 4 devuelve únicamente la métrica Peso (id_metrica_produccion=16, tipo_medicion=PESO, unidad_medida=kg, es_activo=true). TC-M02-187 y TC-M02-188 quedaron NO EJECUTABLES / BLOQUEADOS POR CONFIGURACIÓN. TC-M02-189 sí fue ejecutado y resultó PASS (HTTP 201, activo 190), por lo que el problema no corresponde al registro de TRANSFERENCIA_INTERNA.",
2,INC-M02-47-G24,"POST /activos-biologicos/{id}/eventos/baja rechaza con 400 FECHA_INVALIDA cualquier intento de dar de baja a un activo el mismo dia UTC en que fue creado, sin importar que fecha_baja se envie. Causa verificada en el codigo: fecha_baja es de tipo date (registrar_evento_baja_dto.py:15) y el caso de uso lo convierte siempre a medianoche UTC de ese dia antes de guardarlo (registrar_evento_baja_use_case.py:61). El trigger modulo2.trg_fn_evento_fecha_coherente (migracion 68232a1efcc2, INC-M02-75-G53) exige que la fecha del evento sea >= la fecha de creacion EXACTA (con hora) del activo. Como el activo se crea con una hora real posterior a medianoche, medianoche del mismo dia siempre queda ""antes"" de esa hora -- y enviar el dia siguiente en su lugar dispara en cambio el rechazo por fecha futura, porque el reloj real todavia no llega a esa fecha. No existe ningun valor de fecha_baja que funcione el mismo dia UTC de la creacion. Alcance verificado: se confirmo especificamente para la baja (RF-36, subcaso TC-M02-050). Se reviso el DTO de eventos sanitarios (fecha de tipo datetime, se reemplaza por datetime.now() si se omite) y NO tiene este problema.    Confirmado también en TC-M02-G31: lote 472 creado a las 16:44:24 UTC, POST /eventos/baja con fecha 2026-09-19 → 400 FECHA_INVALIDA. Reproducibilidad confirmada en 3 casos (G24, G36, G31).",RF-36,FUNCIONAL,Desarrollo,Severo,1 dia habil,2026-09-19,2026-09-21,Cerrado,,"Evidencia completa en TC-M02-G36. Request: POST /activos-biologicos/371/eventos/baja {""fecha_baja"": ""2026-09-18"", ...} -> 400 {""error_code"":""FECHA_INVALIDA"",""message"":""La fecha del evento (2026-09-19 00:00:00+00) no puede ser anterior a la fecha de registro del activo (2026-09-19 04:25:29.020648+00).""}. Activo creado el mismo dia (04:25:29 UTC), fecha_baja convertida a medianoche (00:00:00 UTC) del mismo dia -> queda cronologicamente antes de la creacion. Sugerencia de correccion: comparar solo la parte de fecha (v_fecha_creacion::date) en el trigger, o cambiar fecha_baja a tipo datetime igual que el DTO de eventos sanitarios. Bloquea un escenario real de uso (registrar una baja el mismo dia que se registra el activo), no solo la prueba automatizada.     Evidencia adicional TC-M02-G31: resultados/resultado_TC-M02-G31_reintento2.json (checkpoint TC-M02-197 con estado FALLA). Preflight manual 2026-09-19 16:44 UTC.",Sebastian
2,INC-M02-47-G77,"La ficha integral de un activo biológico en el ambiente de pruebas sigue sin mostrar la Sección 8, ""Accesos directos"": las acciones disponibles desde la ficha según los permisos del rol, que son ver historial, registrar evento, cambiar estado y registrar baja. GET /activos-biologicos/{id}/ficha-integral responde 200 con las otras 7 secciones completas, pero la respuesta no incluye el campo accesos_directos.

No es un error de programación pendiente: la Sección 8 ya está desarrollada en el código del proyecto desde el 24-sep (cambio ""agregar accesos directos y densidad real a la ficha integral (RF-47)""), y está integrada en la rama de desarrollo (dev). El problema es que el ambiente de pruebas se despliega desde la rama test, y ese cambio todavía no se ha pasado de dev a test. Por eso en pruebas se sigue viendo la versión anterior, sin la Sección 8. Otras correcciones del mismo módulo que sí se pasaron a test ya se ven funcionando allí, por ejemplo la que evita que la ficha completa falle cuando falla una sola sección.",RF-47,Despliegue: corrección ya desarrollada pero pendiente de promover de dev a test,Desarrollo,Medio,3 días hábiles,2026-09-26,2026-09-29,Abierto,,"Detectado en la reevaluación del 26-sep con Postman/Newman contra TEST: 13 validaciones, de las que falla solo esta (la de la Sección 8). Se consultaron los activos 5, 10 y 8, que ya existían, sin crear ni modificar datos. Los demás sub-casos pasan: una sección vacía se devuelve como lista vacía sin error (TC-M02-128), y un activo cerrado con una fase aún activa muestra la advertencia de inconsistencia sin bloquear la ficha (TC-M02-130). Con el historial del repositorio se confirmó que el cambio de la Sección 8 está en la rama dev y no en la rama test, que es la que despliega el ambiente de pruebas. La prueba ya exige la Sección 8, así que al promover el cambio a test bastará con volver a ejecutarla, sin modificarla. El fallo parcial de una sección (TC-M02-129) ya está corregido en test, pero no se forzó en vivo: habría que dañar a propósito una vista de base de datos compartida por todo el equipo.",Juan Manuel
2,INC-M02-48-G18,"El ambiente TEST no dispone de un activo biológico existente sin asociación activa a una infraestructura, por lo que no fue posible ejecutar completamente el escenario TC-M02-025. Adicionalmente, el activo utilizado para TC-M02-023 solo presenta un registro histórico vigente, sin asociaciones históricas cerradas, por lo que no fue posible validar el escenario de múltiples asociaciones.",FR-34,Datos de prueba / Precondición de ambiente,Desarrollo,Bajo,2 días hábiles,2026-09-09,2026-09-11,Abierto,—,"TC-M02-025 quedó NO EJECUTABLE por ausencia de un activo sin asociación activa. TC-M02-023 se ejecutó con activo 181 y obtuvo HTTP 200 con 1 registro histórico (id_historial=131, infraestructura 6, fecha_fin=null). Los casos ejecutables TC-M02-022, TC-M02-023, TC-M02-024 y TC-M02-026 no presentaron fallas. Evidencia: TC-M02-G18-Newman-20260909-174",
2,INC-M02-48-G25,"Omisión de validación de densidad máxima por especie en eventos de crecimiento de lotes poblacionales. Al registrar un evento de crecimiento, el backend recalcula peso_promedio y biomasa_total pero NO valida que la densidad resultante supere densidad_maxima_por_especie (RF-36). El fix #330 (commit d6d4bf93) reportado como resuelto presenta tres problemas verificados empíricamente el 2026-09-19: (H-A) NO está desplegado en el entorno TEST — el Swagger no expone 409 y el contenedor corre una imagen previa; (H-B) su lógica es inefectiva porque compara densidad_actual = cantidad_actual/superficie, y un evento de crecimiento NO modifica cantidad_actual, por lo que el 409 nunca dispara por esta vía; (H-D) los seeds de TEST tienen infraestructuras.capacidad_maxima = NULL, lo que cortocircuita la validación silenciosamente. Evidencia empírica: preflight con lote #455 (50.000 individuos en 500 m² = 100 ind/m²) respondió HTTP 201 Created sin disparar 409 DENSIDAD_MAXIMA_SUPERADA. Discrepancia contractual adicional (H-C): RF-36 indica que la densidad máxima se configura en M09 por especie (densidad_maxima_por_especie), pero el fix la deriva de infraestructuras.capacidad_maxima / superficie — pendiente de decisión de Análisis.",RF-36,FUNCIONAL,Desarrollo,Severo,1 dia habil,2026-09-19,2026-09-21,Cerrado,,"V3 ejecutada el 2026-09-19 (RUN_ID: G25-REEVAL-V3-20260919-053900). Suite Newman: 4 requests, 6 assertions, 2 fallas. JSON computable: tests/Test_Testing/Test_Modulo2/RF-36/TC-M02-G25/resultados/resultado_TC-M02-G25_reintento2.json. Informe narrativo: tests/Test_Testing/Test_Modulo2/RF-36/TC-M02-G25/EvaluacionV3/RESULTADOS/G25-REEVAL-V3-20260919-053900/TC-M02-G25_reevaluacion_V3.md. Preflight empírico documentado: petición POST /activos-biologicos/455/eventos/crecimiento con 50.000 animales en 500 m² (densidad 100 ind/m²) respondió 201 Created sin validación. Respuesta del equipo de desarrollo (""Resuelto por #330"") NO se confirma en TEST — el fix no está desplegado y tiene defecto lógico. Bloqueantes: H-A (despliegue), H-B (lógica del fix), H-C (discrepancia contractual M09 vs infraestructura), H-D (seeds con capacidad_maxima NULL), H-E (diseño del subcaso 052 en el spec), H-F (spec no asigna fase activa antes del evento).",Sebastian
2,INC-M02-49-G22,"POST /activos-biologicos/{id_activo}/eventos/sanitario responde 500 Internal Server Error con error_code: ERROR_INTERNO (""Error inesperado en base de datos"") al registrar un evento de tipo DIAGNOSTICO o CONTROL_PREVENTIVO — los dos únicos tipos que no exigen un diagnóstico previo. Reproducido en 3 intentos independientes sobre 2 activos distintos recién creados, con y sin solicitar_estado. Efecto colateral: como TRATAMIENTO/VACUNACION exigen un DIAGNOSTICO previo, y registrar ese DIAGNOSTICO es justo lo que falla, ningún evento sanitario se puede registrar hoy sobre un activo sin historial sanitario previo.",RF-41,INFRAESTRUCTURA,Implementación (ambiente TEST),Crítico,,2026-09-09,,Abierto,,"Mismo patrón que el ejemplo oficial de esta categoría (fallo al persistir un registro en BD → 500 que cancela toda la operación); hipótesis de causa (no confirmada, sin acceso a BD ni a logs): el trigger trg_fn_evento_sanitario_secuencia (ya señalado en la auditoría del módulo como ""más frágil"" por inferir el diagnóstico previo por proxy) lanza una excepción con ERRCODE propio que raise_from_db_error no traduce, y cae en el manejador genérico de 500. Reporte Newman: tests/Test_Testing/Test_Modulo2/RF-35/TC-M02-G22/RESULTADOS/newman-TC-M02-G22.html (paso ""2. Precondición TC-M02-038""). Detalle completo y bloqueo documentado en tests/Test_Testing/Test_Modulo2/RF-35/TC-M02-G22/NOTA_BLOQUEO.md. Activos de prueba: id 195 y 196 (admin.test@sgpmp.com.co). Sin acceso a PostgreSQL de TEST para confirmar la causa raíz — pendiente de que Implementación revise el trigger y los logs del servidor.",
2,INC-M02-49-G84,"El rol Administrador recibe HTTP 403 ACCESO_DENEGADO al intentar desactivar asociaciones sensor-activo vía PATCH. RF-49 exige explícitamente que el Admin pueda desactivar. Falta permiso UPDATE (acción 3) sobre recurso 30 para Admin.       Detectado también durante la reevaluación de TC-M02-G89 (2026-09-19): 
los 3 subcasos que dependen del endpoint PATCH (TC-M02-216, TC-M02-218, 
TC-M02-219) quedaron bloqueados con HTTP 403 ACCESO_DENEGADO. Solo 
TC-M02-217 (que usa POST) pasó OK.

Causa raíz verificada: la migración 1d7d6069da52 (PR #286) insertó 
únicamente el permiso (id_rol=2, id_recurso=30, id_accion=1 = Crear 
para Productor), omitiendo las tuplas de ACTUALIZAR:
  - (id_rol=1, id_recurso=30, id_accion=3) para Admin
  - (id_rol=2, id_recurso=30, id_accion=3) para Productor

Afecta a los TCs: TC-M02-G84 y TC-M02-G89. Bloquea el ciclo de vida 
formal declarado en Regla 5 de RF-49.",RF-49,AUTORIZACION,Desarrollo,Medio,2 dias habiles,2026-09-19,2026-09-21,Abierto,,"Detectado durante V3 TC-M02-G84 (2026-09-19). Newman registró 3 PATCH con 403 ACCESO_DENEGADO: /activos-biologicos/111/sensores/52, /activos-biologicos/53/sensores/54, /activos-biologicos/110/sensores/55. Evidencia en: tests/Test_Testing/Test_Modulo2/RF-49/TC-M02-G84/resultados/resultado_TC-M02-G84_reintento2.html (sección teardown, HTTP 403). Confirmado en el archivo: tests/Test_Testing/Test_Modulo2/RF-49/TC-M02-G84/resultados/resultado_TC-M02-G84_reintento2.json (campo nota_teardown). Bloquea el ciclo de vida formal declarado en Regla 5 de RF-49.   Confirmación cruzada TC-M02-G89 (preflight 2026-09-19):
  - POST /activos-biologicos/112/sensores → 201 Created (id_asociacion=56)
  - PATCH /activos-biologicos/112/sensores/56 {""estado_nuevo"":""INACTIVA""}
    → 403 Forbidden ACCESO_DENEGADO
  - Mismo PATCH como productor@pecuaria.co → 403 Forbidden ACCESO_DENEGADO

Evidencia en:
  - tests/Test_Testing/Test_Modulo2/RF-49/TC-M02-G89/resultados/
    resultado_TC-M02-G89_reintento1.json (checkpoints TC-M02-216, 
    TC-M02-218, TC-M02-219 con estado FALLA y HTTP 403)
  - tests/Test_Testing/Test_Modulo2/RF-49/TC-M02-G89/evidencias/
    BLOQUEO_RBAC_TC-M02-G89.md",Sebastian
2,INC-M02-50-G22,"PATCH /activos-biologicos/{id_activo} con estado_activo en el body: (a) si va solo, responde 400 pero con el mensaje genérico ""Al menos un campo debe estar presente para actualizar"" en vez del mensaje específico que exige el RF; (b) si va combinado con un campo editable válido (ej. raza), responde 200 OK y el campo se ignora en silencio — no hay ningún rechazo ni advertencia. El dato de estado nunca cambia (no hay corrupción), pero el contrato de error que exige RF-35 (redirigir explícitamente a RF-44) no se cumple en ningún caso.",RF-35,FLUJO,Desarrollo,Medio,,2026-09-09,,Abierto,,"El endpoint no separa el ""camino"" de cambio de estado (que debe ir por RF-44) del camino de edición de atributos individuales; falta el paso de rechazo explícito antes de aceptar el resto de la operación. Reporte Newman: tests/Test_Testing/Test_Modulo2/RF-35/TC-M02-G22/RESULTADOS/newman-TC-M02-G22.html (pasos ""1a""/""1b""). Detalle en .../RESULTADOS/TC-M02-G22_resultado.md, sección TC-M02-037. Activo de prueba id 198 (id_especie=3, admin.test@sgpmp.com.co). Confirmado por código: ActualizarActivoIndividualDTO no declara estado_activo, así que Pydantic lo descarta sin más (extra='ignore' por defecto).",
2,INC-M02-50-G84,"El endpoint POST /infraestructuras/{id}/sensores no expone PATCH ni DELETE. Las asociaciones ambientales (Tipo B de RF-49) quedan inmutables por API, incumpliendo la Regla 5 (ACTIVA → INACTIVA → ACTIVA) que no hace excepción por tipo. Cualquier PATCH devuelve HTTP 404 Not Found.",RF-49,Funcional,Desarrollo,Medio,2 dias habiles,2026-09-19,2026-09-21,Abierto,,Detectado durante V3 TC-M02-G84 (2026-09-19). Newman registró: PATCH /infraestructuras/3/sensores/53 → HTTP 404 Not Found (403 bytes). Evidencia en: tests/Test_Testing/Test_Modulo2/RF-49/TC-M02-G84/resultados/resultado_TC-M02-G84_reintento2.html (sección teardown TC-M02-144). Confirmado por inspección de router: src/configuration/infrastructure/routers/infraestructura_sensor_router.py solo implementa POST. Asociación ambiental 47 creada en preflight del 2026-09-19 quedó ACTIVA e inamovible por API.,Sebastian
2,INC-M02-51-G22,"PATCH /activos-biologicos/{id_activo} acepta y persiste una actualización normal (raza, sexo, etc.) sin ninguna restricción mientras el activo tiene un proceso sanitario abierto sin cerrar (probado con el activo en estado EN_TRATAMIENTO). El RF exige 409 CONFLICT con mensaje sobre eventos pendientes; el sistema responde 200 OK sin ningún aviso.",RF-35,ESTADO,Desarrollo,Alto,,2026-09-09,,Abierto,,"Permite modificar datos biológicos base de un activo mientras hay un proceso clínico/operativo abierto sin resolver, lo que puede generar inconsistencias en el historial médico del animal. Reporte Newman: tests/Test_Testing/Test_Modulo2/RF-35/TC-M02-G22/RESULTADOS/newman-TC-M02-G22.html (pasos ""3""/""4""). Detalle en .../RESULTADOS/TC-M02-G22_resultado.md, sección TC-M02-038. Precondición literal (""eventos sanitarios pendientes"") bloqueada por INC-M02-41-01; se usó PATCH /{id}/estado (RF-44) como vía alterna para dejar el activo en EN_TRATAMIENTO. Confirmado por código: grep -ri ""pendiente"" src/biological_assets no encuentra ninguna validación de este tipo en todo el módulo. Activo de prueba id 198.",
2,INC-M02-51-G44,"El mecanismo de renovación de sesión falla para refresh tokens válidos. Después de autenticarse correctamente, POST /sesiones/refresh con la cookie HttpOnly refresh_token recién emitida devuelve HTTP 500 AUDITORIA_OBLIGATORIA_FALLIDA en Productor, Veterinario e Ingeniero de Campo. El mismo comportamiento se reproduce desde la interfaz al recargar la página: se pierde el access token en memoria, la SPA intenta recuperar la sesión mediante /sesiones/refresh, recibe 500 y redirige nuevamente al login. Las variantes sin cookie o con cookie inválida responden correctamente 401, por lo que el fallo se presenta específicamente en el flujo legítimo de refresh. La evidencia read-only sugiere que TEST carece del tipo de evento 23 utilizado para auditar REFRESH_TOKEN_ROTADO, pero esta causa debe confirmarse durante el triage.",Módulo 1 — Sesiones / identidad y acceso,HTTP_COM — HTTP / Comunicación · Flujo de sesión,Backend / BD,Severo,1 día hábil,2026-09-20,2026-09-21,Cerrado,,"Reproducido por UI ×3 y por API. Refresh válido: 500 en los tres actores; refresh sin cookie o inválido: 401 correcto. Ningún 500 emite nueva cookie y la rotación se revierte. Evidencias: hallazgos_ui_v2.json, hallazgos_api_v2.json, reportes Cypress/API de EvaluacionV2.",Juan esteban
2,INC-M02-52-G23,POST /fases devuelve 500 para cualquier activo y cualquier ciclo válido — ningún activo puede tener historial de fases.,RF-37,FLUJO,Desarrollo,Crítico,,2026-09-09,,Abierto,,"Causa confirmada por código: cambiar_fase_use_case.py:72 llama repo.cerrar_gestion_activa() con 3 argumentos; el método (activo_biologico_repository.py:386) exige 4 (falta usuario_id) → TypeError.
Fix: agregar usuario.id_usuario como 4º argumento en esa línea. Repro: TC-M02-G23, paso 3a / NOTA_BLOQUEO.md.",
2,INC-M02-52-G33,"La API no tiene forma de expresar una ""transición de fase fuera de secuencia con confirmación explícita"": el DTO de cambio de fase no acepta confirmacion_no_estandar ni
fase_destino_id, y el caso de uso siempre avanza automáticamente a la siguiente fase de la secuencia. No es un bug puntual: la funcionalidad que describe el RF no está implementada.",RF-37,FLUJO,Desarrollo,Medio,,2026-09-09,,Abierto,,"Causa: cambiar_fase_dto.py solo declara id_ciclo_productiva, motivo_cambio, fecha_inicio; campos extra se descartan en silencio (extra='ignore'). CambiarFaseUseCase.execute() no
tiene ninguna rama para saltar fase ni pedir confirmación. Requiere diseño: agregar esos 2 campos al DTO + lógica de validación/409 en el use case (propuesta detallada en TC-M02-G33/NOTA_BLOQUEO.md,
 sección 2). Repro: TC-M02-G33, paso 3 (Newman). Nota: independiente de INC-M02-37-01 — persiste aunque ese se corrija.",
2,INC-M02-52-G92,"La identidad técnica requerida para simular al consumidor M04 no está provisionada en el ambiente TEST, impidiendo ejecutar TC-M02-154 y TC-M02-159. En TEST no existe el usuario integracion.m04.test@pecuaria.co, no existe el rol Integración M04 y QA no dispone de una credencial válida para dicha identidad. Para desbloquear la prueba se debe provisionar la identidad técnica con cuenta activa y verificada, permiso READ sobre activos_biologicos (id_recurso = 29, id_accion = 2) y alcance efectivo sobre la finca 57 / activo 295. Una vez configurada, la credencial debe entregarse a QA por un canal seguro para ejecutar el gate y posteriormente los casos RF-50/RF-51.",RF-50 / RF-51,INFRAESTRUC — Configuración / Provisión de identidad en TEST,DBA,Medio,2 días hábiles,2026-09-20,2026-09-22,Cerrado,,Reevaluación V2 confirma que el bloqueo persiste. Los fixtures y datos necesarios están disponibles; no es falta de desarrollo funcional de RF-50/RF-51 ni falta de datos. El desbloqueo depende de provisionar correctamente la identidad M04 y su alcance en TEST. No registrar contraseñas ni secretos en el ticket.,Juan esteban
2,INC-M02-53-G34,"trg_fn_baja_cantidad_valida compara un ENUM real contra el literal minúscula 'poblacional' → falla la conversión de tipo → 100% de las bajas fallan, para cualquier activo.",RF-45,FLUJO,Desarrollo,Crítico,,2026-09-09,2026-09-09,Abierto,,"Reproducido vía INSERT+ROLLBACK real. Fix: 'poblacional'→'POBLACIONAL' en el trigger, 1 línea SQL.",
2,INC-M02-53-G94,"TC-M02-158 continúa bloqueado porque, además de la identidad M04 gestionada mediante INC-M02-52-G92, se requiere una segunda identidad técnica independiente que represente a otro módulo consumidor autorizado. Actualmente no está definido si el módulo de control será M06 o M08, por lo que el DBA no puede provisionar todavía la segunda identidad. Desarrollo / responsable funcional debe confirmar cuál módulo se utilizará como consumidor de control. Una vez tomada la decisión, esta misma incidencia debe reasignarse al DBA / Administrador de TEST para provisionar el rol técnico, usuario, cuenta activa/verificada, permiso READ sobre el recurso 29, alcance sobre el activo/finca de prueba y credencial independiente.",RF-50,FLUJO — Definición y provisión de consumidor técnico de control,Inicial: Desarrollo / responsable funcional → después: DBA / Administrador de TEST,Medio,2 días hábiles,2026-09-20,2026-09-22,Cerrado,,No duplicar INC-M02-52-G92: esa incidencia cubre únicamente M04. Este registro corresponde a la segunda identidad independiente requerida por TC-M02-158. El rate limiter ya está implementado (100/60 s) y HTTP 429 está declarado; el bloqueo actual es la ausencia de las identidades necesarias para ejecutar la prueba de aislamiento.,Juan esteban
2,INC-M02-54-G76,"El endpoint GET /activos-biologicos/{id_activo}/historial no retorna el campo mensaje informativo exigido por el Flujo Alternativo E-04 cuando una consulta con filtros no arroja resultados. Responde HTTP 200 OK con total_registros: 0 y registros: [], pero omite el atributo descriptivo ""No se encontraron eventos para el activo [id] con los filtros aplicados..."" especificado en el caso de prueba TC-M02-210.",RF-46,HTTP_COM – Contrato de API,Desarrollo,Medio,2 dias,2026-09-09,2026-09-10,Cerrado,2026-09-11,Detectado en ejecución de TC-M02-G76 / subcaso TC-M02-210 con Newman v6.2.2 contra backend TEST. Falla la aserción del mensaje informativo del Flujo E-04 (AssertionError: expected '' to include 'no se encontraron eventos'): el backend responde HTTP 200 con registros:[] pero omite el campo 'mensaje'. Caso agrupado queda en PASS PARCIAL (2/3) y NO se cierra hasta corregir. Evidencia: resultado_tc_m02_g76.md y defecto_INC-M02-54-G76.md en tests/Test_Testing/Test_Modulo2/RF-46/TC-M02-G76/RESULTADOS/; reporte HTML en reporte_TC-M02-210.html; retest disponible en retest_tc_m02_210.ps1.,Sebastian
2,INC-M02-55-G19,"El ambiente TEST no cuenta actualmente con datos suficientes para ejecutar completamente los casos TC-M02-190 y TC-M02-192. TC-M02-190 requiere un activo con múltiples asociaciones de infraestructura, incluyendo una asociación histórica cerrada que permita consultar una fecha de referencia correspondiente a dicho período. TC-M02-192 requiere un historial de asociaciones con una inconsistencia preparada. Durante la ejecución, TC-M02-191 y TC-M02-193 fueron ejecutados exitosamente y el control de activo inexistente también fue satisfactorio. No se evidenció falla funcional del endpoint RF-34.",RF-34,Datos de prueba / Precondiciones de ambiente,DBA,Baja,2 dias,2026-09-09,2026-09-10,Abierto,,,
2,INC-M02-56-G04,"El backend no agrega ninguna de las cabeceras de seguridad HTTP recomendadas (X-Content-Type-Options, X-Frame-Options, Content-Security-Policy, Strict-Transport-Security) en sus respuestas. Se confirmo por revision de codigo que no existe ningun middleware que las agregue, y se corroboro de forma independiente con un escaneo pasivo de OWASP ZAP sobre 197 rutas documentadas del API, con doble confirmacion (manual y ZAP) para X-Content-Type-Options y Strict-Transport-Security.",Transversal (todos los RF del Modulo 2),HTTP_COM - HTTP / Comunicacion,Desarrollo,Bajo,3 dias habiles,2026-09-10,2026-09-13,Cerrado,,Se probaron las cuatro cabeceras sobre multiples endpoints del modulo y ninguna aparecio en la respuesta. Un escaneo independiente con OWASP ZAP sobre las 197 rutas documentadas confirmo por su cuenta la ausencia de X-Content-Type-Options y Strict-Transport-Security en todas las respuestas. Las pruebas de CORS y de manejo de errores internos de la misma ficha se comportaron correctamente y no forman parte de este hallazgo.,Daniela
2,INC-M02-56-G31,"Durante la reevaluación V4 del caso TC-M02-G31 (RF-36, subcaso 
TC-M02-197: baja total hasta cantidad_actual=0), al procesar 
POST /activos-biologicos/296/eventos/baja el backend respondió 
HTTP 500 ERROR_INTERNO en lugar del código de negocio esperado. 

Causa raíz: el trigger modulo2.trg_fn_estado_activo_unico_vigente 
detectó correctamente una inconsistencia entre el estado maestro 
del activo y su último registro en historicos_estados_activos, y 
lanzó la excepción ERRCODE=P0212 (STATE_INCONSISTENCY). Sin 
embargo, src/shared/db_error_translator.py no tiene mapeado el 
código P0212, por lo que la excepción cayó al fallback genérico 
InfrastructureError(""ERROR_INTERNO"") y FastAPI devolvió 500.

Comportamiento esperado: HTTP 409 Conflict con 
error_code=ESTADO_ACTIVO_INCONSISTENTE (o equivalente de dominio). 
La situación no es un error interno del servidor, es una violación 
de integridad de datos que debe reportarse como error controlado 
de negocio. Códigos P0212, P0211, P0224 y P0225 no están mapeados 
en db_error_translator.py.

Nota: la prueba quedó SATISFECHA. Al reintentar con un lote de 
historial consistente (lote 281 virgen), el flujo de baja total 
funcionó con HTTP 201, cantidad_actual=0, biomasa_total=0 y 
transición a estado BAJA (id_estado=6). El caso TC-M02-G31 se 
cierra APROBADO. Este issue se reporta por separado porque el 
defecto de mapeo de errores es independiente del dato de prueba 
y afecta a cualquier activo con historial inconsistente.",RF-36,HTTP_COM,Desarrollo,Medio,2 dias habiles,2026-09-25,2026-09-28,Cerrado,,"- Reporte Newman: tests/Test_Testing/Test_Modulo2/RF-36/TC-M02-G31/
  resultados/resultado_TC-M02-G31_reintento3.html
- Narrativo V4 con diagnóstico completo (SELECT, triggers, 
  db_error_translator): tests/Test_Testing/Test_Modulo2/RF-36/
  TC-M02-G31/evidencias/TC-M02-G31_reevaluacion_V4.md
- Recomendación adicional: auditar los ~25 ERRCODE P02xx sin mapear 
  en modulo2 (ver PR #379), para evitar que cada caso nuevo genere 
  otro 500 no controlado.",Sebastian
2,INC-M02-57-G06,"Un byte nulo embebido en un campo de texto libre no es rechazado por la validacion de entrada; llega hasta el driver de base de datos (psycopg2), que lo rechaza con un ValueError de Python plano, un tipo de excepcion que el traductor de errores de base de datos no reconoce, y termina expuesto como 500 Internal Server Error en vez del 400/422 controlado que exige un dato mal formado.",Transversal (cualquier endpoint del Modulo 2 con texto libre),VAL_ENTRADA - Validacion de Entrada,Desarrollo,Medio,2 dias habiles,2026-09-10,2026-09-12,Cerrado,,Se probaron diez variantes de payload deliberadamente problematicas sobre el registro de activos biologicos; nueve fueron rechazadas correctamente con 400. Solo el byte nulo produjo 500. Se verifico ademas que el servicio no quedo degradado: una peticion valida inmediatamente despues se creo con normalidad y el servicio respondio sano.,Daniela
2,INC-M02-58-G35,"En el caso de uso que asigna una fase productiva a un activo biologico, la llamada al repositorio para cerrar la gestion de fase anterior omite el argumento obligatorio usuario_id (pasa solo 3 de los 4 parametros que exige la firma del metodo). Esto produce un error de tipo (TypeError) no controlado en tiempo de ejecucion, que llega sin traducir hasta el cliente como 500 Internal Server Error en cualquier intento de asignar una fase productiva, sin importar el activo o el ciclo indicado.",RF-37 (bloquea en cascada RF-38),FLUJO - Flujo / Proceso,Desarrollo,Critico,Mismo dia,2026-09-10,2026-09-10,Abierto,,"Se registro un activo nuevo y se intento asignarle una fase productiva: la peticion respondio 500 de forma reproducible. Al no poder asignar fase, el intento posterior de cerrar el ciclo del mismo activo fue rechazado con 422 por falta de fase activa, y el activo nunca llego al estado CERRADO. El mismo defecto volvio a confirmarse en una ronda posterior de pruebas sobre la matriz de transicion de estados.",Daniela
2,INC-M02-59-G36,No existe hoy ninguna via en la API para llevar a un activo biologico individual al estado BAJA: el intento de registrar una baja definitiva responde 500 Internal Server Error generico. Se revisaron los cinco disparadores de base de datos involucrados en el registro del historial de estado y ninguno explica el error por analisis estatico; la causa exacta no se aislo solo con revision de codigo en esta ronda.,RF-38,FLUJO - Flujo / Proceso,Desarrollo,Critico,Mismo dia,2026-09-10,2026-09-10,Abierto,,"Se intento dar de baja a un activo de prueba como paso previo para verificar el rechazo de un segundo cierre sobre un activo ya en estado terminal; la baja fallo con 500 y el activo nunca dejo de estar ACTIVO, por lo que el caso de prueba original no se pudo evaluar sobre el escenario real que buscaba. En una ronda posterior se confirmo la causa exacta de este mismo tipo de falla.",Daniela
2,INC-M02-60-G49,"El disparador de base de datos que valida que la fecha de un evento del activo biologico no sea futura compara contra el valor de 'ahora' fijado al inicio de la transaccion del backend, no contra la hora real en el momento de la insercion. Como la fecha del evento se calcula unos instantes despues de iniciada la transaccion, siempre resulta tecnicamente 'posterior' a ese 'ahora' ya congelado, y el disparador la rechaza por error como si fuera una fecha del futuro. El error resultante no es reconocido por el traductor de errores de la aplicacion y se expone como 500 Internal Server Error en cualquier intento de registrar un evento sanitario, sin importar el tipo de evento ni los datos enviados.",RF-41 (mismo patron de causa aplicable a RF-45),FLUJO - Flujo / Proceso,Desarrollo,Critico,Mismo dia,2026-09-10,2026-09-10,Cerrado,,"Se intento registrar el evento sanitario mas simple posible (un diagnostico con un solo campo de texto) y fallo con 500. Se repitio con un tipo de evento que no depende de ningun registro previo (control preventivo) y volvio a fallar igual, confirmando que el problema no es un efecto en cadena sino que afecta a cualquier registro de evento sanitario por si solo. Las validaciones de campos obligatorios por tipo de evento funcionaron correctamente en los mismos intentos.",Daniela
2,INC-M02-61-G52,"Un mismo activo biologico, confirmado como existente y consultable por el usuario Administrador que lo creo, es reportado como inexistente para otra cuenta autenticada que lo consulta segundos despues, tanto al consultar su detalle como su historial de eventos. Se descarto causa de permisos (ambos roles probados tienen permiso de lectura sobre el recurso) y causa de codigo de aplicacion (no existe ningun filtro por finca, usuario o rol en ninguno de los dos endpoints revisados). La causa no se pudo confirmar.",RF-41,Sin confirmar,Desarrolllo,Critico,Mismo dia,2026-09-10,2026-09-10,Abierto,,"Se creo un activo con la cuenta Administrador y se confirmo que era consultable de inmediato. Segundos despues, la misma consulta con otra cuenta autenticada (con permiso de lectura sobre el mismo recurso) devolvio que el activo no existe, en dos endpoints distintos. El hallazgo bloqueo la prueba original de control de acceso a datos clinicos sensibles, que nunca se pudo evaluar por esta causa.",Daniela
2,INC-M02-62-G87,"El Productor Agropecuario, definido en el RF‑49 (CU11) como Actor Principal que ""solicita la asociación de sensores a sus activos biológicos y toma decisiones sobre qué sensores monitorean qué animales o lotes en su finca"", no puede crear asociaciones sensor‑activo. Al intentar POST /activos-biologicos/{id_activo}/sensores sobre un activo de su propia finca, el backend responde HTTP 403 ACCESO_DENEGADO. Causa raíz: el rol Productor (id_rol=2) solo tiene la acción 2 (READ) sobre el recurso asociacion_sensor_activo (id_recurso=30) en modulo1.permisos; carece de la acción 1 (CREATE). Incumple el criterio de aceptación del RF‑49: ""El sistema permite asociar un sensor a un activo válido"".",RF-49,AUTORIZACION,Desarrollo,Severo,1 dia,2026-09-10,2026-09-11,Cerrado,2026-09-18,"TC‑M02-G87 / TC‑M02-152 (Escenario B). Evidencia: reporte_TC-M02-152_pytest.html y resultado_tc_m02_g87.md en tests/Test_Testing/Test_Modulo2/RF-49/TC-M02-G87/RESULTADOS/. Fix: agregar permiso (2, 30, 1). Retest: retest_tc_m02_152.ps1.",Sebastian
2,INC-M02-63-G88,"Al asociar un sensor a un activo biológico inexistente (POST /activos-biologicos/99999/sensores), el backend responde HTTP 404 Not Found con error_code: ACTIVO_NO_ENCONTRADO en lugar del HTTP 422 Unprocessable Entity que exige textualmente el flujo alterno del CU11. La operación sí se rechaza correctamente (0 registros persistidos), pero el código HTTP no respeta el contrato funcional.",RF-49,HTTP_COM,Desarrollo,Medio,2 días,2026-09-10,2026-09-12,Cerrado,2026-09-12,"Reporte Newman: tests/Test_Testing/Test_Modulo2/RF-49/TC-M02-G88/RESULTADOS/reporte_TC-M02-213.html. Colección: test_tc_m02_g88.json. Respuesta real: {""error_code"":""ACTIVO_NO_ENCONTRADO"",""message"":""No existe un activo biológico con id 99999.""} con HTTP 404. RF-49 flujo alterno: ""Activo Biológico No Válido (Inexistente o Baja) — Respuesta del Sistema: HTTP 422 Unprocessable Entity"". Causa raíz: AsociarSensorActivoUseCase (regla V1) lanza NotFoundError → 404. Fix sugerido: reemplazar por BusinessRuleError(code='ACTIVO_NO_VALIDO', ...) que mapea a 422. Observación adicional: el texto del RF-49 mezcla ""inexistente"" con ""BAJA"" en el mismo flujo alterno, lo cual es un error de redacción del requisito (no exime el incumplimiento del código HTTP). Criterio de cierre: retest_tc_m02_213.ps1 retorna exit code 0 con aserción verde en HTTP 422.",Sebastian
2,INC-M02-64-G88,"El backend permite asociar el mismo sensor con tipo_asociacion=POBLACIONAL a dos lotes simultáneamente, violando la Restricción 4 del RF-49 (""Tipo POBLACIONAL: un sensor se asocia a un único lote activo a la vez""). Al asociar el Sensor 1 al Lote 20 (HTTP 201, asociación 105) y luego intentar asociarlo al Lote 53, el sistema responde HTTP 201 (asociación 106) en lugar de HTTP 409 Conflict. Resultado: dos registros ACTIVA con fecha_fin IS NULL sobre el mismo sensor en lotes distintos. Las lecturas IoT quedarían duplicadas/ambiguas entre dos poblaciones.",RF-49,UNICIDAD,Desarrollo,Severo,1 dia,2026-09-10,2026-09-11,Cerrado,2026-09-12,"Reporte Newman: tests/Test_Testing/Test_Modulo2/RF-49/TC-M02-G88/RESULTADOS/reporte_TC-M02-214.html. Colección: test_tc_m02_g88.json. Respuestas reales: HTTP 201 con id_asociacion_activo_sensor=105, id_activo_biologico=20, estado_asociacion=ACTIVA y luego HTTP 201 con id_asociacion_activo_sensor=106, id_activo_biologico=53, estado_asociacion=ACTIVA.",Sebastian
2,INC-M02-65-G89,"El backend no implementa ningún endpoint PATCH /activos-biologicos/{id_activo}/sensores/{id_asociacion} para gestionar el ciclo de vida de las asociaciones IoT. En consecuencia, las 3 transiciones formales del RF-49 no son ejecutables por API: (1) desactivación manual ACTIVA → INACTIVA, (2) reactivación INACTIVA → ACTIVA, (3) rechazo de transición inválida INACTIVA → SUPERADA. Los 3 subcasos afectados reciben HTTP 404 Not Found. Sin workaround: no hay forma de desactivar o reactivar una asociación desde la API, obligando a manipulación manual en BD.",RF-49,HTTP_COM,Desarrollo,Severo,1 dia,2026-09-10,2026-09-11,Cerrado,,"Reportes HTML: tests/Test_Testing/Test_Modulo2/RF-49/TC-M02-G89/RESULTADOS/reporte_TC-M02-216.html, reporte_TC-M02-218.html, reporte_TC-M02-219.html. Colección Newman: test_tc_m02_g89.json. Los 3 subcasos devuelven HTTP 404 {""detail"":""Not Found""}. Análisis de código: en src/biological_assets/infrastructure/routers/activo_biologico_router.py no existe ninguna ruta PATCH bajo /activos-biologicos/{id}/sensores; en src/biological_assets/application/use_cases/gestion/ solo existe asociar_sensor_activo_use_case.py, sin casos de uso de desactivación/reactivación ni DTO de actualización de estado. Criterio de cierre: implementación del endpoint PATCH + casos de uso + DTO + retest exitoso de los 3 subcasos (exit code 0). Afecta únicamente a 3 manifestaciones del mismo defecto raíz.",Sebastian
2,INC-M02-65-G94,"Las respuestas HTTP 429 LIMITE_TASA_EXCEDIDO del endpoint de datos consolidados no incluyen cabeceras de control de cuota como Retry-After, RateLimit-* o X-RateLimit-*. El comportamiento funcional de RF-50 es correcto y TC-M02-158 queda aprobado; esta observación corresponde únicamente a una mejora de experiencia de integración, ya que el consumidor no dispone de información explícita sobre cuánto debe esperar o sobre el estado de su cuota.",RF-50,HTTP_COM — Calidad de respuesta / Rate limiting,Desarrollo Backend,Bajo,3 días hábiles,2025-10-05,2025-10-08,Abierto,,"No afecta el veredicto de G94. RF-50 no exige estas cabeceras. Se registra como mejora, no como defecto funcional.",juan esteban
2,INC-M02-66-G89,"El trigger modulo2.trg_fn_asociacion_sensor_activo_unica bloquea la transición válida ACTIVA → SUPERADA del ciclo de vida, provocando HTTP 500 Internal Server Error al intentar crear una nueva asociación DIRECTA sobre el mismo activo y mismo sensor. Causa raíz (3 dimensiones): (1) usa fecha_fin > now() en lugar de fecha_fin IS NULL, y como now() es transaction_timestamp() congelado mientras fecha_fin se asigna con clock_timestamp() posterior, la condición evalúa TRUE incluso cuando la previa ya está SUPERADA; (2) no filtra por id_activo_biologico != NEW.id_activo_biologico, bloqueando la auto-superación legítima; (3) no excluye estado_asociacion = 'SUPERADA' del conteo. Bloquea por completo el reemplazo de sensores DIRECTA sobre el mismo activo.",RF.49,UNICIDAD,Desarrollo-DBA,Crítico,4 horas),2026-09-10,2026-09-10,Abierto,,"Reporte HTML: tests/Test_Testing/Test_Modulo2/RF-49/TC-M02-G89/RESULTADOS/reporte_TC-M02-217.html. Colección: test_tc_m02_g89.json. Respuesta real: HTTP 500 {""detail"":""Error interno al procesar la solicitud""} con PGcode: P0229 SENSOR_CONFLICT. Diagnóstico registrado en modulo2.bitacora_auditoria_m02. Evidencia matemática irrefutable: SELECT (fecha_fin > now()) FROM modulo2.asociaciones_activos_sensores WHERE id_sensor=2 AND tipo='directa' sobre la fila recién marcada SUPERADA devuelve True, confirmando el conflicto ficticio. Rollback íntegro verificado (asociación 17 permaneció ACTIVA con fecha_fin IS NULL). Criterio de cierre: retest de TC-M02-217 retorna exit code 0 con veredicto PASS y la nueva asociación queda ACTIVA mientras la previa pasa a SUPERADA.",
2,INC-M02-67-G79,"El endpoint GET /activos-biologicos/{id}/transferencias/disponibles presenta como destinos disponibles infraestructuras que no cumplen las condiciones de elegibilidad de la transferencia. Para activos bovinos de finca 57 se observaron, entre otros, infraestructura 1 perteneciente a finca 1 y tipo Estanque, infraestructura 52 tipo Estanque e infraestructura 53 tipo Galpón asociada a especie 41. Durante el setup también se observó infraestructura 47 cuando se encontraba con ocupación 50/50. La implementación revisada de listar_infraestructuras_disponibles obtiene infraestructuras activas excluyendo únicamente el origen y no filtra por finca, especie, tipo o capacidad.",RF-48,FLUJO — Filtrado / alcance de datos,Desarrollo Backend,Medio,2 días hábiles,2026-09-16,2026-09-18,Cerrado,,"Confirmado mediante GET con Productor y Administrador y contraste con BD. El hallazgo afecta la lista de candidatos presentada al consumidor. No se ejecutaron POST negativos hacia los destinos incompatibles, por lo que no se afirma que exista bypass de validación en la operación de transferencia.",Juan Esteban
2,INC-M02-67-G90,"El Requerimiento describe el Tipo B (Asociación Ambiental Compartida) como sensor ambiental asociado a una infraestructura productiva, que aplica automáticamente a todos los activos biológicos de esa infraestructura (cardinalidad 1 sensor → N activos mediada por infraestructura). El backend no implementa esta funcionalidad: el único endpoint expuesto es POST /activos-biologicos/{id_activo}/sensores, que exige obligatoriamente un activo puntual en el path y persiste la asociación contra ese activo (no contra la infraestructura). El use case AsociarSensorActivoUseCase no tiene rama condicional para AMBIENTAL y siempre escribe id_activo_biologico con el valor del path. No existe endpoint a nivel de infraestructura (tipo POST /infraestructuras/{id}/sensores). Consecuencia: para monitorear ambientalmente un estanque con N animales, el usuario debe crear N asociaciones (una por activo) en lugar de una sola contra la infraestructura.",RF-49,Flujo,Desarrollo,Severo,1 dias,2026-09-10,2026-09-12,Cerrado,2026-09-17,"tests/Test_Testing/Test_Modulo2/RF-49/TC-M02-G90/RESULTADOS/reporte_TC-M02-220.html. Colección: test_tc_m02_g90.json. Respuesta real: HTTP 201 Created con id_asociacion_activo_sensor=22, id_activo_biologico=19, tipo_asociacion=""ambiental"". Confirmación en BD: la asociación ambiental quedó persistida con id_activo_biologico=19, no con referencia exclusiva a id_infraestructura. Análisis de código: src/biological_assets/application/use_cases/gestion/asociar_sensor_activo_use_case.py líneas 189-202 instancian AsociacionSensorActivo(id_activo_biologico=id_activo, ...) sin excepción para AMBIENTAL. No existe ruta alternativa en src/configuration/infrastructure/routers/infraestructura_router.py ni en activo_biologico_router.py. Criterio de cierre: implementación de endpoint a nivel de infraestructura para AMBIENTAL + retest exitoso que verifique id_activo_biologico IS NULL o bien una marca explícita de asociación ambiental compartida en el modelo.",Sebastian
2,INC-M02-68-G91,"El backend no expone ningún endpoint para consultar las asociaciones sensor↔activo. El criterio de aceptación del RF-49 ""El sistema refleja la asociación en consultas posteriores"" no se cumple. Al intentar GET /activos-biologicos/{id_activo}/sensores, el servidor responde HTTP 405 Method Not Allowed. La asociación se persiste correctamente en modulo2.asociaciones_activos_sensores, pero es invisible para todos los consumidores externos (frontend, M03, M04, reportes).",RF-49,HTTP_COM,Desarrollo,Severo,1 dia,2026-09-10,2026-09-11,Cerrado,2026-08-18,"Reporte HTML: tests/Test_Testing/Test_Modulo2/RF-49/TC-M02-G91/RESULTADOS/reporte_TC-M02-223.html. Colección: test_tc_m02_g91.json. Respuesta real: HTTP 405 {""detail"":""Method Not Allowed""}. Inspección de src/biological_assets/infrastructure/routers/activo_biologico_router.py: solo existe @router.post('/{id_activo}/sensores'), sin @router.get. Los esquemas DetalleIndividualResponse, FichaIntegralResponse y PaginaHistorial no exponen sensores asociados. No existe caso de uso ConsultarSensoresActivoUseCase. Sin workaround: no hay forma de consultar qué sensores están vinculados a un activo desde la API. Criterio de cierre: implementación de GET /activos-biologicos/{id_activo}/sensores + retest retest_tc_m02_223.ps1 con exit code 0.",Sebastian
2,INC-M02-69-G44,"Al enviar valor_medicion = ""abc"" a POST /activos-biologicos/{id_activo}/eventos/crecimiento, el backend rechaza correctamente la solicitud con HTTP 400 / VAL_ENTRADA y atribuye el error al campo valor_medicion, pero devuelve el mensaje por defecto de Pydantic en inglés: Input should be a valid decimal. El resto de mensajes del flujo se encuentra en español. El comportamiento no afecta la validación funcional ni genera persistencia, pero introduce una inconsistencia de idioma y utiliza terminología técnica no alineada con el mensaje funcional esperado.",RF-40,HTTP_COM — contenido de la respuesta,Desarrollo,Bajo,3 días hábiles,2026-09-10,2026-09-15,Cerrado,,"Caso: TC-M02-G44 / TC-M02-082. Afecta a Productor, Veterinario e Ingeniero de Campo. Reproducibilidad: 6/6, correspondientes a 3 actores × 2 ejecuciones. Esperado: mensaje comprensible y consistente en español indicando que el valor ingresado no es numérico. Obtenido: Input should be a valid decimal. HTTP 400 y VAL_ENTRADA son correctos; no hubo persistencia. Causa raíz confirmada por QA mediante revisión de código: valor_medicion está declarado como Decimal en registrar_evento_crecimiento_dto.py, por lo que Pydantic rechaza ""abc"" durante la coerción de tipos antes de ejecutar los validadores de dominio en español. Evidencias: Resultados/reporte_tc_m02_g44.json, Resultados/reporte_tc_m02_g44.html y Resultados/TC-M02-G44_resultado.md.",Juan Esteban
2,INC-M02-70-G47,"El listado de activos biológicos del Frontend solo renderiza la primera página de resultados y no presenta controles de paginación. Para el Productor, GET /activos-biologicos informa total_registros: 22 y total_paginas: 2, pero RegistryView únicamente muestra los registros cargados de la primera página y el buscador filtra solo sobre esos elementos. Como consecuencia, el activo 279 —legítimo, ACTIVO y accesible mediante API para el usuario— no dispone de una fila navegable desde el listado. El componente Paginacion existe en el módulo, pero no es renderizado por RegistryView.",RF-40 — hallazgo colateral detectado durante TC-M02-G47,Funcional / Frontend,Desarrollo,Medio,2 días hábiles,2026-09-10,2026-09-10,Abierto,,"Hallazgo no bloqueante y ajeno al objetivo de seguridad de G47. Actor donde se demostró: Productor; potencialmente afecta a cualquier usuario cuyo listado tenga más de una página. Esperado: si la API informa total_paginas > 1, la interfaz debe permitir navegar entre las páginas y acceder a todos los activos legítimos del usuario. Obtenido: solo se presenta la primera página y no existe control para acceder a las siguientes. Alternativa comprobada: la ruta directa /activos-biologicos/{id} funciona correctamente. Causa raíz confirmada mediante revisión de código: RegistryView.tsx no utiliza el componente Paginacion disponible en biological_assets/components/Paginacion.tsx. Evidencia: respuesta del listado con total_registros: 22 y total_paginas: 2, comportamiento observado durante Cypress y TC-M02-G47_resultado.md. TC-M02-G47 continúa APROBADO y no existe impacto de seguridad.",
2,INC-M02-71-G48,"Durante la revisión estática del flujo de registro de eventos de crecimiento se identificó una posible asimetría en la aplicación del alcance por finca. Las rutas de consulta de activos resuelven el recurso mediante obtener_por_id(id_activo, ids_fincas_permitidas=_ids_fincas_alcance(...)), mientras que el endpoint POST /activos-biologicos/{id_activo}/eventos/crecimiento utiliza RBAC pero llama a obtener_por_id(id_activo) sin pasar explícitamente ids_fincas_permitidas. Si no existe otro control equivalente en una capa inferior, un usuario con permiso de creación podría potencialmente registrar eventos sobre activos fuera de su finca.",RF-40,AUTORIZACION — por confirmar,Desarrollo,Medio,2 días hábiles,2026-09-10,2026-09-14,Cerrado,,"Hallazgo colateral fuera del alcance funcional de TC-M02-G48. No fue verificado mediante POST cross-finca porque ello implicaría realizar una operación adicional sobre un recurso ajeno y excedería las seis peticiones oficiales del caso. Los seis escenarios oficiales utilizaron recursos legítimos y G48 permanece APROBADO. Evidencia estática: activo_biologico_router.py líneas 666–690 frente a líneas 279, 417 y 497; registrar_evento_crecimiento_use_case.py línea 44. Acción: Desarrollo debe confirmar el contrato de alcance por finca y verificar si existe un control equivalente en otra capa. Si una prueba controlada confirma escritura sobre activos ajenos, convertir la observación en defecto de autorización confirmado y reevaluar la severidad. Causa raíz no confirmada por QA.",Juan Esteban
2,INC-M02-72-G80,"POST /activos-biologicos/{id_activo}/transferencias permite transferir activos bovinos INDIVIDUAL a una infraestructura incompatible de tipo Estanque. TC-M02-136 esperaba HTTP 422 por E-08/C2, pero Productor y Administrador recibieron HTTP 201 y las transferencias fueron materializadas en base de datos. La regla de compatibilidad por tipo de infraestructura no está implementada.",RF-48,VAL_ENTRADA / FLUJO,Desarrollo Backend,Severo,1 día hábil,2026-09-10,2026-09-11,Cerrado,,"TC-M02-G80 / TC-M02-136. Actores: Productor y Administrador. Activos 280 QAJE-IND-OUTLIER y 285 QAJE-IND-1MED, ambos bovinos INDIVIDUAL ACTIVO. Origen: infra 48 Corral QA JE Origen. Destino: infra 52 Estanque QA JE Piscicola. C1 cumplía porque id_especie del destino es NULL. C3 cumplía: capacidad 100, ocupación inicial 0. Única regla incumplida: C2. Esperado: HTTP 422, E-08, sin cambios. Obtenido: HTTP 201; movimientos 25 y 26; historiales 286 y 287; activos quedaron en infraestructura 52. Ocupación infra 48: 223→221; infra 52: 0→2. Reproducibilidad 2/2. Causa raíz confirmada por QA: no existe validación C2 en caso de uso, listado de disponibles, triggers ni catálogo de compatibilidad. Evidencias: reporte_tc_m02_g80.json, reporte_tc_m02_g80.html, consultas SELECT de §9 y TC-M02-G80_resultado.md.",Juan Esteban
2,INC-M02-73-G80,"Al enviar infraestructura_destino_id igual a la infraestructura origen, el endpoint rechaza correctamente la transferencia mediante DESTINO_IGUAL_ORIGEN, pero responde HTTP 400. TC-M02-134 y el contrato aplicable esperan HTTP 422 para esta validación de negocio.",RF-48,HTTP_COM,Desarrollo Backend,Medio,2 días hábiles,2026-09-10,2026-09-14,Cerrado,,"TC-M02-G80 / TC-M02-134. Actores: Productor y Administrador. Activo 294 QAJE-TRF-REGLAS. Origen=destino=51. Esperado: HTTP 422 con E-06. Obtenido: HTTP 400, DESTINO_IGUAL_ORIGEN, mensaje funcional correcto y sin persistencia. Reproducibilidad 3/3: Productor, Administrador y reproducción diagnóstica mediante curl. OpenAPI declara 201, 401, 403, 404, 409, 422 y 500; no declara 400. Causa raíz confirmada: E-06 utiliza ValidationError → HTTP 400, mientras reglas equivalentes C1/C3 usan BusinessRuleError → HTTP 422. Evidencias: reporte_tc_m02_g80.json, reporte_tc_m02_g80.html, reproducción curl y TC-M02-G80_resultado.md.",Juan Esteban
2,INC-M02-74-G80,"GET /activos-biologicos/{id_activo}/transferencias/disponibles devuelve como “disponibles” infraestructuras que posteriormente no son válidas para la transferencia. El listado únicamente excluye la infraestructura origen y no aplica las reglas C1, C3 ni el alcance por finca; también muestra el Estanque relacionado con C2.",RF-48,Funcional / coherencia entre filtrado y validación,Desarrollo Backend,Medio,2 días hábiles,2026-09-10,2026-09-14,Cerrado,,"Hallazgo complementario de TC-M02-G80. El GET devolvió 38 destinos; entre ellos infra 53, incompatible por especie; infra 52, de tipo Estanque; infra 47, sin capacidad suficiente para el lote; y 34 infraestructuras pertenecientes a otras fincas. Esto puede inducir al usuario a seleccionar destinos que el POST rechazará. Causa raíz confirmada por QA: listar_infraestructuras_disponibles invoca listar_activas(excluir_id=...) sin aplicar C1, C3 ni alcance por finca. Evidencias: §4 del resultado y solicitudes GET incluidas en reporte_tc_m02_g80.json y .html.",Juan Esteban
2,INC-M02-75-G53,"El endpoint responde 500 ERROR_INTERNO (""Error inesperado en base de datos"") al registrar un evento SERVICIO/INSEMINACION válido sobre una hembra ACTIVA con un padre válido, bloqueando en cascada el diagnóstico y el parto",RF-42,Funcional,Desarrollo Backend,Alta,1 día,2026-09-10,2026-09-11,Abierto,,"Triggers de modulo2.eventos_reproductivos (ej. trg_fn_evento_reproductivo_secuencia) lanzan RAISE EXCEPTION con ERRCODE personalizado (P02xx) que db_error_translator.py no mapea, cayendo al catch-all 500.",
2,INC-M02-76-G55,"Evento reproductivo sobre activo POBLACIONAL con categoría distinta a nacimiento responde 500 en vez de 422, Sobre un activo tipo LOTE, registrar cualquier categoría de evento reproductivo distinta a nacimiento (ej. parto) debería responder 422 EVENTO_NO_PERMITIDO_LOTE, pero responde 500 ERROR_INTERNO",RF-42,Validación,Desarrollo Backend,Alta,1 día,2026-09-10,2026-09-11,Abierto,,"El chequeo Python (if activo.tipo == 'LOTE') es código muerto porque el enum real es 'POBLACIONAL', no 'LOTE'; el trigger de BD sí detecta el caso correctamente pero su ERRCODE (P0220) tampoco está mapeado por db_error_translator.py — mismo gap que INC-M02-75-G53.",
2,INC-M02-77-G56,"d_padre de otra finca se acepta sin validación de alcance, POST /activos-biologicos/{id_activo}/eventos/reproductivo acepta un id_padre perteneciente a un activo de una finca completamente distinta, sin ninguna validación",RF-42,Seguridad,Desarrollo Backend,Alta,1 día,2026-09-10,2026-09-11,Abierto,,RegistrarEventoReproductivoUseCase solo verifica que el padre exista y esté en estado ACTIVO (FA-05); nunca compara id_infraestructura/finca contra el activo objetivo ni contra el usuario solicitante. El fix de alcance por finca de RF-25 (commit 6ca29b5) no cubrió esta ruta de escritura.,
2,INC-M02-78-G58,"No existe validación de compatibilidad de fase en eventos reproductivos, RegistrarEventoReproductivoUseCase no recibe ningún repositorio/puerto de fases en su constructor (a diferencia de RegistrarEventoProductivoUseCase, que sí valida E-02/E-04)",RF-42,Validacion / Funcional,Desarrollo Backend,Media,2 días,2026-09-10,2026-09-14,Abierto,,"Un evento reproductivo se acepta sin importar la fase (o ausencia de fase) del activo — RF-42 no tiene ninguna regla de compatibilidad de fase implementada, ni en Python ni en trigger de BD.",
2,INC-M02-79-G61-01,"POST /activos-biologicos/{id_activo}/fases responde 500 siempre — bloquea toda la gestión de fases, Cualquier intento de asignar/avanzar la fase productiva de un activo responde 500 ERROR_INTERNO, confirmado en múltiples activos y ciclos productivos distintos",RF-37,Funcional,Desarrollo Backend,Severa,1 día,2026-09-10,2026-09-11,Abierto,,"Causa raíz: cambiar_fase_use_case.py:72 llama self.repo.cerrar_gestion_activa(id_activo, ahora, dto.motivo_cambio or '') con 3 argumentos, pero el puerto (domain/repositories/activo_biologico_repository.py:56) y su implementación exigen 4 (falta usuario_id) — TypeError de Python, no un error de base de datos. Bloquea en cascada RF-40 y RF-43, que dependen de tener una fase activa.",
2,INC-M02-80-G61-02,"Baja TOTAL (individual y de lote) responde 500 — activo nunca queda dado de baja, POST /activos-biologicos/{id_activo}/eventos/baja responde 500 ERROR_INTERNO en toda baja que deje al activo/lote en cantidad 0.",RF-45,Funcional,Desarrollo Backend,Severa,1 día,2026-09-10,2026-09-11,Abierto,,RegistrarEventoBajaUseCase._procesar_baja_con_cierre cierra el estado del activo a BAJA antes de insertar el evento de baja; el trigger trg_evento_activo_estado_valido rechaza el INSERT del evento porque el activo ya está en BAJA — el propio evento que documenta la baja se autobloquea.,
2,INC-M02-81-G61-03,"Baja PARCIAL de lote responde 400 VALOR_FUERA_DE_RANGO — causa raíz sin confirmar,",RF-45,Funcional,Desarrollo Backend,Alta,1 día,2026-09-10,2026-09-11,Abierto,,POST /activos-biologicos/{id_activo}/eventos/baja con cantidad_afectada menor a cantidad_actual (baja parcial que NO cierra el lote) responde 400 VALOR_FUERA_DE_RANGO de forma 100% reproducible en dos lotes distintos. Se descartaron los triggers de cantidad/estado por lectura de esquema; falta acceso a logs de servidor/BD para aislar el DataError exacto.,
2,INC-M02-82-G102,"POST /activos-biologicos/{id_activo}/eventos/sanitario responde 500 en registro válido, Registrar un evento sanitario válido (tipo=CONTROL_PREVENTIVO, con observaciones) responde 500 ERROR_INTERNO",RF-41,Funcional,Desarrollo Backend,Severa,1 día,2026-09-10,2026-09-11,Abierto,,"Registrar un evento sanitario válido (tipo=CONTROL_PREVENTIVO, con observaciones) responde 500 ERROR_INTERNO, Mismo patrón que INC-M02-75-G53/G61b: probablemente un trigger de modulo2.eventos_sanitarios con ERRCODE personalizado no mapeado por db_error_translator.py.",
2,INC-M02-83-G07,"Rechazos RBAC (403) no quedan registrados en auditoría, require_permission() (src/shared/rbac.py) lanza AuthorizationError directamente al rechazar por permisos, sin ningún efecto secundario de auditoría.",RF-52,Funcional/seguridad,Desarrollo Backend,Media,2 días,2026-09-10,2026-09-14,Abierto,,"El único rastro es un log de texto plano (AccessLogMiddleware), no consultable por API ni persistido en ninguna tabla de negocio — contradice varias fichas que esperan tipo_evento=ACCESO_NO_AUTORIZADO en la bitácora tras un 403.",
2,INC-M02-84-G105,"GET /activos-biologicos/auditoria no aplica ninguna restricción de alcance por rol, ConsultarBitacoraUseCase no recibe usuario_actual como parámetro — es un passthrough puro de filtros hacia el repositorio, sin forma de aplicar reglas por rol o propiedad del activo",RF-52,Validación,Desarrollo Backend,Alta,1 día,2026-09-10,2026-09-11,Abierto,,"un Productor lee sin problema eventos ACCESO_DATOS de un activo que no le pertenece; el Contador lee sin problema GESTION_OPERATIVA/CONTROL_ESTADO, fuera de su alcance según CA-8. No existe ningún tipo_evento=ACCESO_NO_AUTORIZADO porque no hay ninguna vía de rechazo.",
2,INC-M02-85-G107,"Rechazos de reglas de negocio tempranas no quedan registrados en auditoría, Confirmado con el escenario exacto de la ficha (NACIMIENTO fuera de secuencia, RF-42): el rechazo 422 SECUENCIA_REPRODUCTIVA_INVALIDA no genera ninguna fila en la bitácora",RF-52,Funcional,Desarrollo Backend,Alta,1 día,2026-09-10,2026-09-11,Abierto,,"el rechazo 422 SECUENCIA_REPRODUCTIVA_INVALIDA no genera ninguna fila en la bitácora. Solo las excepciones capturadas dentro del bloque try/except de persistencia (la familia de bugs 500 ya reportada) se auditan; cualquier validación de negocio Python previa (SIN_FASE_PRODUCTIVA_ACTIVA, SIN_FASE_ACTIVA, TIPO_PRODUCTO_NO_CATALOGADO, etc.) se pierde sin rastro, contradiciendo CA-10 (""toda operación rechazada o fallida... debe registrarse"").",
2,INC-M02-86-G81,"Al enviar una fecha_transferencia posterior a la fecha actual al endpoint POST /activos-biologicos/{id_activo}/transferencias, el sistema identifica correctamente la fecha futura y rechaza la operación, pero responde HTTP 400 / VAL_ENTRADA. TC-M02-140 exige HTTP 422 y el contrato OpenAPI de la ruta declara 422 pero no contempla 400.",RF-48,HTTP_COM / contrato,Desarrollo,Medio,2 días hábiles,2026-09-10,2026-09-13,Cerrado,,"TC-M02-G81 / TC-M02-140. Ambiente TEST. Actores: Productor y Administrador. Activos: 292 QAJE-TRF-OK y 295 QAJE-DAT-COMPL. Origen 48 → destino 51, ambos válidos. Fecha enviada: 15/09/2026, calculada como hoy +5 días. Única condición inválida: fecha futura. Esperado: HTTP 422 / E-10. Obtenido: HTTP 400 / VAL_ENTRADA, campo fecha_transferencia, mensaje correcto de fecha futura. Cero persistencia: movimientos 26→26, historial 255→255, auditoría RF48 13→13, ocupaciones sin cambios. Reproducibilidad reportada 100%. Causa raíz confirmada por QA: la regla está en RegistrarTransferenciaDTO.validar_fecha; Pydantic produce RequestValidationError y el handler general responde 400. Evidencias: reporte_tc_m02_g81_test.html, reporte_tc_m02_g81_test.json y TC-M02-G81_resultado.md.",Juan Esteban
2,INC-M02-87-G81,"TC-M02-139 no puede ejecutarse porque el contrato de POST /activos-biologicos/{id_activo}/transferencias no ofrece ninguna forma de indicar una cantidad parcial de un lote. El caso exige intentar transferir 40 de 100 individuos, pero el DTO solo contiene cuatro campos y ninguno representa cantidad, parcialidad, unidades o subconjunto.",RF-48,Contrato / API,Desarrollo Backend,Medio,2 días hábiles,2026-09-10,2026-09-13,Cerrado,,"El dato necesario sí existe: activo 281 POBLACIONAL, ACTIVO, cantidad_actual = 100. No se emitió POST porque inventar ""cantidad"": 40 sería una prueba inválida: BaseDTO no declara extra='forbid', por lo que Pydantic podría ignorar el campo y ejecutar una transferencia total del lote. Acción: definir si RF-48 admite alguna representación de cantidad parcial. Si debe admitirla, exponer el campo y su comportamiento. Si por diseño nunca existe cantidad parcial y la ausencia del campo es precisamente la restricción, reformular TC-M02-139 para que pruebe esa condición correctamente.",Juan Esteban
2,INC-M02-88-G83,"Las reglas E-04 y E-05 del endpoint POST /activos-biologicos/{id_activo}/transferencias rechazan correctamente las solicitudes inválidas, con el error_code y mensaje correspondientes, pero responden HTTP 400. La matriz exige HTTP 422 y el contrato OpenAPI de la ruta no declara 400. El problema se reproduce en TC-M02-307 (SIN_INFRAESTRUCTURA_ORIGEN) y en las dos variantes de TC-M02-308 (INFRAESTRUCTURA_DESTINO_INVALIDA: destino inexistente y destino inactivo).",RF-48,HTTP_COM,Desarrollo Backend,Medio,2 días hábiles,2026-09-10,2026-09-13,Cerrado,,"Productor y Administrador afectados. TC-M02-307: activo 287 ACTIVO, pero sin asociación vigente; esperado 422, obtenido 400 con SIN_INFRAESTRUCTURA_ORIGEN. TC-M02-308-A: activo 279, origen 48, destino 99999 confirmado inexistente; esperado 422, obtenido 400 con INFRAESTRUCTURA_DESTINO_INVALIDA. TC-M02-308-B: activo 279, origen 48, destino 50 existente pero inactivo; C1/C2/C3 válidas; esperado 422, obtenido 400 con INFRAESTRUCTURA_DESTINO_INVALIDA. Ninguna petición persistió cambios. Causa raíz confirmada: estas reglas utilizan ValidationError, cuya jerarquía responde HTTP 400; BusinessRuleError produce 422. Evidencias: reporte_tc_m02_g83.json, reporte_tc_m02_g83.html, reproducción curl y TC-M02-G83_resultado.md. Incidencia independiente de G80/G81 aunque comparta mecanismo técnico.",Juan Esteban
2,INC-M02-89-G83,"E-05 utiliza el mismo mensaje para una infraestructura inexistente y para una infraestructura existente pero inactiva: «La infraestructura con id N no existe o no está activa». El mensaje cumple literalmente la matriz y no constituye un fallo del caso, pero no informa al usuario cuál de las dos condiciones produjo el rechazo.",RF-48,Usabilidad del mensaje,Desarrollo Backend,Bajo,3 días hábiles,2026-09-10,2026-09-14,Cerrado,,Hallazgo no bloqueante de TC-M02-308. No afecta el veredicto ni se considera incumplimiento funcional. Se propone diferenciar los mensajes para facilitar la corrección de la entrada: destino inexistente vs. destino existente pero inactivo. Causa observada: ambos escenarios convergen en un único ValidationError dentro de la resolución de infraestructura destino.,Juan Esteban
2,INC-M02-90-G92,"TC-M02-154 y TC-M02-159 no pueden ejecutarse porque QA no dispone de una identidad/credencial M04 utilizable y verificable en TEST con permisos para consultar RF-50/RF-51. En las fuentes revisadas, modulo1.credenciales_servicio únicamente contiene broker_mqtt activo y no se encontró configuración M04 utilizable en los archivos o variables revisados. No se creó token, scope ni cuenta para fabricar la precondición.",RF-50 / RF-51,Configuración / Ambiente,Desarrollo Backend / Implementación,Medio,2 días hábiles,2026-09-10,2026-09-13,Cerrado,,"No se afirma que M04 no exista globalmente; únicamente que QA no pudo obtener una identidad M04 verificable a partir de las fuentes disponibles. OpenAPI expone ambos endpoints y acepta header Authorization, pero la evidencia estática local indica Bearer JWT + permiso de consulta. Acción requerida: indicar qué identidad/credencial M04 debe utilizar QA en TEST y demostrar el permiso correspondiente para RF-50/RF-51. Los GET oficiales no fueron ejecutados.",Juan Esteban
2,INC-M02-91-G93,GET /activos-biologicos/{id}/datos-consolidados acepta un rango íntegramente futuro y responde HTTP 200 con datos consolidados. TC-M02-156-B exige rechazar este escenario con HTTP 400.,RF-50,VAL_ENTRADA,Desarrollo Backend,Medio,2 días hábiles,2026-09-10,2026-09-13,Cerrado,,"Activo 279 QAJE-CREC-OK; tipo_dato=metricas; fecha actual TEST 10/09/2026; rango enviado 11/09/2026–12/09/2026. inicio < fin, por lo que la única condición inválida es que ambas fechas son futuras. Esperado: 400 sin exposición de datos. Obtenido: 200 con DatosConsolidadosResponse, incluyendo metricas_actuales. Causa raíz confirmada: DatosConsolidadosDTO valida orden de fechas pero no que sean futuras.",Juan Esteban
2,INC-M02-92-G93,"TC-M02-155 no puede ejecutarse porque no existe en el sistema revisado una identidad de módulo consumidor con credencial válida y scopes por tipo_dato, necesaria para construir el escenario “módulo autenticado pero sin scope para metricas”.",RF-50,Contrato / Autorización / Capacidad funcional,Desarrollo Backend,Medio,2 días hábiles,2026-09-10,2026-09-13,Cerrado,,"El endpoint autentica usuarios mediante JWT y autoriza por (recurso 29, acción 2). No existe parámetro de módulo, catálogo de scopes ni decisión de acceso por tipo_dato. Un usuario sin permiso 29/2 produciría otro tipo de 403 y no demostraría TC-M02-155. No se modificaron permisos ni se fabricaron credenciales. Severidad/SLA recomendados para gestión del bloqueo.",Juan Esteban
2,INC-M02-93-G93,"TC-M02-157 no puede ejecutarse oficialmente porque M06 no existe como principal autenticable del endpoint y el caso exige específicamente un consumidor M06 con scope de valoración/NIC-41. Sustituirlo por Productor, Administrador u otro usuario no demostraría el escenario.",RF-50,Integración / Identidad de módulo,Desarrollo Backend,Medio,1 días hábiles,2026-09-10,2026-09-12,Cerrado,,"Los datos de negocio sí existen para construir la condición: activo 279, rango 01/06/2026–31/08/2026, 0 métricas PESO dentro del rango y pesos fuera de él. El bloqueo es de identidad/autorización, no de datos. Severidad/SLA recomendados para gestión del bloqueo.",Juan Esteban
2,INC-M02-94-G93,"En una consulta diagnóstica con rango válido y 0 métricas PESO dentro del período, el endpoint responde 200 y devuelve metricas_actuales.peso_actual=250.0 con fecha_ultimo_peso=2026-09-10, fuera del rango 01/06/2026–31/08/2026. Además, la revisión del caso de uso no encontró validación de suficiencia de métricas PESO ni una vía de negocio a 422 para NIC-41.",RF-50,FLUJO / Integridad analítica,Desarrollo Backend,Severo,3 días hábiles,2026-09-10,2026-09-14,Cerrado,,"Hallazgo diagnóstico asociado a TC-M02-157; no sustituye la ejecución oficial con M06. historial_eventos sí llega vacío para el rango, mientras metricas_actuales usa un peso externo al período. La intención de metricas_actuales no está confirmada; investigar antes de clasificarlo como defecto definitivo del subcaso",Juan Esteban
2,INC-M02-95-G93,"El rechazo correcto de TC-M02-156-A incluye texto interno de Pydantic como 1 validation error for DatosConsolidadosDTO, input_value, type=value_error y una URL de documentación, además del mensaje funcional esperado.",RF-50,HTTP_COM / Calidad del mensaje,Desarrollo Backend,Bajo,3 días hábiles,2026-09-10,,Cerrado,,TC-M02-156-A permanece APROBADO. Causa confirmada por revisión: se concatena str(exc) y se expone la representación completa de la excepción de Pydantic en lugar de extraer únicamente el mensaje funcional.,Juan Esteban
2,INC-M02-96-G94,"TC-M02-G94 presenta un bloqueo y dos observaciones asociadas a RF-50. TC-M02-158 queda BLOQUEADO porque el escenario exige M04 autenticado y un segundo módulo de control para verificar un límite de 100 solicitudes/minuto por módulo, pero el sistema revisado autentica usuarios mediante JWT y autoriza por rol, sin identidades de módulo consumidor ni scopes equivalentes. Adicionalmente, la revisión del contrato y del código muestra que el endpoint GET /activos-biologicos/{id}/datos-consolidados no aplica un mecanismo de rate limiting y OpenAPI no declara 429, securitySchemes ni security. TC-M02-164 y TC-M02-165 aprobaron completamente: POST/PUT son rechazados con 405 sin persistencia y las solicitudes sin token o con token inválido responden 401 sin exponer datos.",RF-50,RATE_LIMIT / Seguridad / Configuración / HTTP_COM,Desarrollo Backend / responsable funcional RF-50,Severo,1 día hábil,2026-09-10,2026-09-11,Abierto,,"Hallazgo 1 — BLOQ-G94-01, Medio: TC-M02-158 no puede ejecutarse oficialmente al no existir M04 ni módulo de control autenticables. Hallazgo 2 — OBS-G94-01, Severo: ausencia del rate limiting confirmada por contrato y lectura de código, aunque no mediante prueba de carga oficial. El helper rate_limit existe en el proyecto pero no se aplica a esta ruta; tampoco existe middleware global equivalente. Hallazgo 3 — OBS-G94-02, Medio: OpenAPI no documenta 429 ni el esquema de autenticación utilizado realmente. Casos aprobados: TC-M02-164 → POST/PUT HTTP 405, Allow: GET, BD idéntica antes/después. TC-M02-165 → sin credencial e inválida HTTP 401, sin exposición de datos. Evidencias: reporte_tc_m02_g94_pytest.xml, reporte_tc_m02_g94_newman.html, evidencia_g94.json y TC-M02-G94_resultado.md.",Juan Esteban
2,INC-M02-97-G95,"TC-M02-G95 presenta un defecto funcional confirmado y una desalineación documental. TC-M02-310 falla: el activo 289 QAJE-DAT-INFRAINACT está ACTIVO pero mantiene una asociación vigente hacia la infraestructura 49, que está INACTIVA, y además conserva una gestión/fase activa sin cierre válido. Ante esta inconsistencia jerárquica la prueba esperaba HTTP 409 y ausencia de dataset; el sistema respondió HTTP 200 y expuso identificador, infraestructura, fase activa, historial y métricas, incluido peso_actual=180.0 kg. Adicionalmente, la matriz referencia /datos-analiticos, ruta ausente en OpenAPI, mientras el contrato desplegado identifica /datos-consolidados como endpoint de CU12/RF-50. TC-M02-309 y TC-M02-311 aprobaron.",RF-50,FLUJO / Integridad / HTTP_COM documental,Desarrollo Backend,Severo,1 día hábil,2026-09-10,2026-09-11,Cerrado,,"Hallazgo funcional — Severo: TC-M02-310. Activo 289, infra 49 es_activo=false, historial 236 vigente (fecha_fin=null), gestión 68 activa, sin cierres válidos. Esperado 409 y sin dataset; obtenido 200 con datos consolidados. No hubo autocorrección ni cambios funcionales. Causa desplegada no confirmada; el código local es compatible con el comportamiento porque consulta infraestructura sin filtrar actividad. Hallazgo documental — Bajo: matriz usa /datos-analiticos, pero OpenAPI vivo de TEST solo expone /datos-consolidados para RF-50. Aprobados: TC-M02-309 → 404 correcto, TC-M02-311 → API/BD 250 kg exactos. Evidencias: reporte_tc_m02_g95.html, reporte_tc_m02_g95.json, TC-M02-G95_resultado.md.",Juan Esteban
2,INC-M02-98-G96,"TC-M02-G96 presenta varios defectos asociados a la generación de indicadores zootécnicos de RF-51. TC-M02-160: con una sola medición de peso, el endpoint responde HTTP 200 con disponible:false en lugar del 422 definido por la matriz. TC-M02-161: un bovino macho consultado para producción responde 200 y clasifica el escenario como falta de datos en vez de incompatibilidad biológica; la implementación no evalúa especie/sexo frente al indicador. TC-M02-162: conversion_alimenticia no está implementada funcionalmente: el indicador se devuelve siempre con valor:null, disponible:false y advertencia REQUIERE_M05, y la implementación de RF-51 no consulta los registros existentes de consumo de alimento de M05. TC-M02-163: un crecimiento de 10 kg a 510 kg en un día produce ganancia_peso=500.0000 kg/día, disponible:true y sin advertencias, exponiendo como válido un indicador biológicamente imposible. Adicionalmente, OpenAPI no declara los códigos 409/500 contemplados por la matriz y la granularidad de indicadores difiere entre matriz y contrato.",RF-51,CALCULO / REGLA_NEGOCIO / HTTP_COM / Integridad analítica,Desarrollo Backend,Severo,1 día hábil,2026-09-10,2026-09-11,Cerrado,,"TC-160 — Medio: esperado 422, obtenido 200; el cuerpo sí identifica correctamente la insuficiencia y no publica valor inválido. TC-161 — Severo: no existe validación especie/sexo–indicador. TC-162 — Medio: conversion_alimenticia no se calcula; se devuelve siempre como no disponible con REQUIERE_M05, aunque M05 ya posee registros de consumo. TC-163 — Severo: +500 kg/día publicado con disponible:true y sin advertencias. Observaciones: OpenAPI omite 409/500 y matriz/contrato utilizan diferente granularidad de indicadores.",Juan Esteban
2,INC-M02-99-G97,"TC-M02-G97 presenta un defecto de validación temporal en RF-51. TC-M02-313-A: para el activo 279, cuyo nacimiento es 15/01/2026 e inicio de ciclo 01/06/2026, se solicita el rango 01/12/2025–10/09/2026. La API debería responder HTTP 400 por encontrarse el inicio fuera del ciclo de vida, pero responde HTTP 200 y publica ganancia_peso=0.0000 kg/día con disponible:true. TC-M02-313-B: el activo 286 fue dado de baja el 31/08/2026; se solicita 01/07/2026–05/09/2026 y nuevamente se obtiene HTTP 200 en lugar de 400. La revisión confirma que fecha_inicio y fecha_fin solo filtran eventos y nunca se contrastan con nacimiento, inicio de ciclo o baja.",RF-51,VAL_ENTRADA / CALCULO / Consistencia temporal / HTTP_COM documental,Desarrollo Backend,Severo,1 día hábil,2026-09-10,2026-09-11,Cerrado,,"Defecto principal: TC-M02-313-A/B. A: esperado 400, obtenido 200 y publicación de indicador válido para un rango anterior al nacimiento. B: esperado 400, obtenido 200 para rango posterior a la baja. Causa confirmada: el DTO valida enum y orden de fechas, pero no ciclo de vida; el repositorio utiliza las fechas únicamente como filtros de eventos. Observación documental — Medio: matriz usa POST y contrato vivo GET. Aprobados: TC-M02-312 → 404 correcto; TC-M02-314 → usuario Contador autenticado sin READ recibe 403 ACCESO_DENEGADO sin exposición.",Juan Esteban
2,INC-M02-?-G08,"Al intentar registrar activos biológicos mediante POST /activos-biologicos, tanto para un activo INDIVIDUAL como POBLACIONAL, el API responde HTTP 500 – ERROR_INTERNO en lugar del HTTP 201 Created esperado. Debido al error, no se genera un ID de activo y no es posible continuar con la consulta del activo ni verificar la generación del snapshot inicial en historial_activos.",RF-33,Funcional / Backend,Desarrollo Backend,critico,1 día hábil,2026-09-14,2026-09-14,Cerrado,,"Detectado durante la segunda evaluación de TC-M02-G08. Precondiciones cumplidas: autenticación 200, finca, especie e infraestructura válidas. El POST de TC-M02-004 y TC-M02-005 respondió 500 ERROR_INTERNO. No se crearon activos ni fue necesaria restauración. El defecto histórico INC-M02-44-G08, relacionado con la ausencia del snapshot inicial, no pudo verificarse debido a que el flujo falla previamente en el registro. Evidencia: TC-M02-G08-rev2-Newman.html y TC-M02-G08-rev2.json.",laura
2,INC-M02-?-G12,"TC-M02-G12: BLOQUEADO.
No se evidencia actualmente un defecto en la validación de valores fuera de rango, ya que dicha validación todavía no ha sido ejecutada.
El bloqueo corresponde a la imposibilidad de consultar mediante el contrato API actual los límites valor_min/valor_max necesarios para demostrar la precondición del TC-M02-014.
El incidente histórico INC-M02-45-G12 no se reproduce: el GET de métricas actualmente responde HTTP 200 y el TC-M02-013 responde HTTP 400 ATRIBUTO_INVALIDO.",RF-16 – Configuración de atributos por especie / RF-33 – Registrar y asociar activo biológico,FUNCIONAL/BACKEND,Desarrollo,medio,2 dia habil,2026-09-25,2026-09-27,Cerrado,,"- TC-M02-G12 rev5: evidencia de 013 aprobado.
- TC-M02-G12 rev6: evidencia de la nueva configuración y bloqueo de 014.
- GET de métricas HTTP 200.
- Consulta de BD que confirma rango 20–40, como evidencia complementaria, no como sustituto del contrato API.K22",laura
2,INC-M02-?-G13,"Durante la segunda evaluación de TC-M02-G13 en el ambiente TEST, el endpoint POST /activos-biologicos presenta un error interno HTTP 500 – ERROR_INTERNO al intentar registrar tanto un activo poblacional como un activo individual. El error impide completar los subcasos TC-M02-015, TC-M02-020 y TC-M02-021, ya que no se obtiene un ID de activo para realizar las validaciones posteriores. Como consecuencia, no es posible verificar el control del estado inicial, la generación del snapshot histórico de creación ni la inmutabilidad de costo_adquisicion.",RF-33,FUNCIONAL/BACKEND,Desarrollo,Severo,1 dia habil,2026-09-14,2026-09-15,Cerrado,,"Reevaluación ejecutada contra TEST el 2026-09-15T03:41Z. POST poblacional con estado=INACTIVO → 500 ERROR_INTERNO; POST individual con costo_adquisicion=1000000 → 500 ERROR_INTERNO. No se obtuvieron IDs ni fue posible continuar con GET historial, PATCH o validaciones posteriores. INC-M02-46-G13 queda NO VERIFICABLE, ya que el flujo actual no alcanza la etapa de consulta del historial. Evidencia: TC-M02-G13-rev2-ejecucion.txt, .json y -Newman.html.",
2,INC-M02-?-G15,"Durante la ejecución de TC-M02-031 se verificó que un usuario con rol Ingeniero de Campo, sin permisos financieros, puede consultar un activo biológico autorizado y recibir información financiera completa en la respuesta del API.
El usuario ingeniero@pecuaria.co inició sesión correctamente (HTTP 200) y fue identificado como Ingeniero de Campo activo. Al consultar el activo 350 mediante GET /activos-biologicos/{id}, el API respondió HTTP 200 incluyendo los campos costo_adquisicion y soporte_documental con sus valores completos.
Resultado observado:
- costo_adquisicion: 1500000.0000
- soporte_documental: soporte_TC-M02-031.pdf
El criterio del TC-M02-031 establece que un Ingeniero de Campo sin permisos financieros no debe recibir estos campos o deben estar correctamente enmascarados.
El comportamiento actual permite la exposición de información financiera a un rol que no cuenta con autorización para consultarla.",RF-34,Seguridad – OWASP API1 BOLA / Control de acceso,Desarrollo,Severo,1 día hábil,2026-09-14,2026-09-15,Cerrado,,"Evidencia rev2: TC-M02-G15-rev2-evidencia.html, TC-M02-G15-rev2-pytest.html, .json y .txt. En rev2: GET activo 350 → 404; PATCH activo 350 con raza=QA-G15-R2-BOLA-MARKER → 200 y modificación persistida. También existía antecedente en primera evaluación sobre activo 348. Rev3 no reejecutó BOLA para evitar repetir innecesariamente una prueba ya confirmada. Backend no modificado.",Laura
2,INC-M02-?-G16,"TC-M02-032: Se evidencia ausencia de rate limiting en POST /activos-biologicos. El criterio del caso establece que al superar 100 solicitudes por minuto desde el mismo usuario/IP el sistema debe responder HTTP 429 Too Many Requests. En TEST se ejecutaron 101 solicitudes controladas en 41,5 segundos, obteniéndose 101 respuestas HTTP 400 VAL_ENTRADA y 0 respuestas HTTP 429. El endpoint no utiliza mecanismo rate_limit y el OpenAPI no declara respuesta 429 para este recurso. Tampoco se observaron headers de cuota/rate limit. Por lo tanto, un usuario puede realizar solicitudes repetitivas al endpoint sin que se active el control de consumo esperado. TC-M02-029 y TC-M02-030 quedaron BLOQUEADOS, debido a fallos técnicos independientes en las precondiciones: el POST válido de registro retorna 500 ERROR_INTERNO y la consulta de métricas necesaria para identificar atributos dinámicos retorna 500. Estos 500 no se clasifican como vulnerabilidades de inyección, ya que impidieron ejecutar esos escenarios. No hubo activos creados ni residuo.",RF-33,Seguridad – OWASP API4 / Unrestricted Resource Consumption,desarrollo,critico,1 dia habil,2026-09-15,2026-09-16,Cerrado,,,
2,INC-M02-?-G17,"TC-M02-187: no fue posible verificar el rechazo de un atributo dinámico obligatorio ausente, debido a que el endpoint de configuración de métricas retorna 500 ERROR_INTERNO para las especies activas, impidiendo consultar la configuración RF16 requerida para construir el escenario. TC-M02-188: igualmente queda bloqueada la validación del rechazo de un atributo dinámico con tipo incorrecto por la misma falla del endpoint de métricas. TC-M02-189: el registro de un activo con origen financiero transferencia_interna y costo/soporte nulos también retorna 500 ERROR_INTERNO, por lo que no fue posible comprobar su aceptación.",RF-34,Fallo técnico / Validaciones,Desarrollo Backend,CRITICO,1 dia habil,2026-09-14,2026-09-15,Cerrado,,"En la segunda evaluación, ejecutada contra TEST, el endpoint de métricas respondió HTTP 500 para las especies activas consultadas, incluida la especie 4 – Cachama Blanca. Como consecuencia, no fue posible determinar si existe un atributo obligatorio ni un atributo con tipo de dato adecuado para ejecutar TC-M02-187 y TC-M02-188. El INC-M02-47-G17 permanece no verificable y los bloqueos por configuración persisten en la práctica. No se modificó RF-16 ni el backend. Evidencia: TC-M02-G17-rev2-ejecucion.txt, TC-M02-G17-rev2.json y TC-M02-G17-rev2-Newman.html.",Laura
2,INC-M02-?-G18,"En el subcaso TC-M02-023 del caso TC-M02-G18, el endpoint GET /activos-biologicos/{id_activo}/infraestructura?tipo_consulta=HISTORIAL retorna correctamente HTTP 200 y los registros históricos completos, incluyendo asociaciones cerradas y la asociación vigente, pero los entrega ordenados por fecha_inicio en sentido DESC (descendente), cuando el requisito de RF-34 establece que el historial debe presentarse en orden ASC (ascendente). En la reevaluación rev3 se utilizó el activo biológico ID 8, preparado por DBA específicamente para este escenario, verificándose 3 asociaciones: 2 cerradas y 1 vigente. La respuesta retornó las fechas 2026-04-01 → 2026-02-01 → 2026-01-01, confirmando nuevamente el orden descendente. La revisión del código identificó que obtener_historial_infraestructura utiliza .order_by(fecha_inicio.desc()). La condición de datos que impedía ejecutar este escenario durante la primera evaluación ya fue solucionada; por tanto, el problema actual corresponde a un defecto funcional de ordenamiento y no a una falta de precondiciones.",RF-34,Funcional / Datos de prueba / Manejo de métodos,Desarrollo,MEDIO,2 dias habiles,2026-09-14,2026-09-16,Cerrado,,"Endpoint: GET /activos-biologicos/8/infraestructura?tipo_consulta=HISTORIAL. Resultado: HTTP 200, 3/3 registros retornados. Orden actual: DESC. Orden esperado: ASC. Código: obtener_historial_infraestructura → .order_by(fecha_inicio.desc()). Corrección requerida: cambiar/revisar el ordenamiento para que los registros se entreguen por fecha_inicio ascendente. Validación posterior: ejecutar nuevamente TC-M02-023 y comprobar HTTP 200, 3 registros, asociaciones cerradas + vigente y fechas en orden ASC. Evidencia: TC-M02-G18-rev3-evidencia.html, TC-M02-G18-rev3-pytest.html, TC-M02-G18-rev3.json, TC-M02-G18-rev3.txt. El incidente histórico INC-M02-48-G18 quedó SUPERADO porque las precondiciones de datos fueron solucionadas; este defecto de ordenamiento permanece pendiente.",Laura
2,INC-M02-G22 - V3,"Dos fallas en la gestión individual del activo (PATCH). (1) Si se envía estado_activo junto con un campo válido (ej. raza), el sistema debería rechazar la petición con 400, pero la acepta con 200 e ignora el cambio de estado sin avisar. (2) Si el activo tiene un proceso sanitario abierto (estado EN_TRATAMIENTO), el sistema debería bloquear cualquier actualización con 409, pero la permite sin ninguna restricción.",RF-35,Validación de negocio / Control de flujo,Desarrollo,Media,2 días hábiles,2026-09-19,,Abierto,,"Evidencia completa en TC-M02-G22: Reconfirmado 2026-09-19 contra TEST con cuenta Administrador. PATCH /activos-biologicos/393 con body {""estado_activo"":""BAJA""} (sin otro campo) → 400 VAL_ENTRADA, pero el mensaje es el genérico de Pydantic (""Al menos un campo debe estar presente para actualizar.""), no el que exige el RF sobre redirigir a RF-44. PATCH /activos-biologicos/393 con body {""estado_activo"":""BAJA"",""raza"":""Camaron QA-G22 raza cambiada""} → 200 OK (debía ser 400): el campo estado_activo se descarta en silencio, la respuesta trae nombre_estado=""ACTIVO"" intacto y raza actualizada. Para TC-M02-038: POST /activos-biologicos/393/eventos/sanitario {""tipo"":""CONTROL_PREVENTIVO""} → 201, deja el activo en id_estado=3/EN_TRATAMIENTO automáticamente (cambio_estado.id_estado_nuevo=3). PATCH /activos-biologicos/393 {""raza"":""Camaron QA-G22 actualizado con proceso abierto""} sobre ese mismo activo, aún EN_TRATAMIENTO → 200 OK (debía ser 409): la respuesta confirma id_estado=3/nombre_estado=""EN_TRATAMIENTO"" y la raza sí cambió, sin ningún bloqueo. Aserciones de Newman fallidas: ""RF-35: mensaje exige redirigir a RF-44"", ""RF-35: 400 BAD REQUEST incluso si viene acompanado de un campo valido"", ""RF-35: 409 CONFLICT por eventos/estado pendiente sin cerrar"", ""RF-35: mensaje exige mencionar 'eventos pendientes'"". Clasificado Media por tratarse de una omisión de reglas de negocio explícitas del RF (no expone datos ni compromete seguridad), reproducible de forma consistente y sin ninguna mitigación existente en el código.",Juan Manuel
2,INC-M02-G33 - V3,"No existe forma de hacer un cambio de fase ""fuera de secuencia con confirmación explícita"" como exige el RF. Los campos que lo permitirían no existen en la API: si se envían, el sistema los ignora y siempre avanza a la fase siguiente estándar, en vez de saltar a la fase pedida o rechazar la operación.",RF-37,Funcionalidad no implementada,Desarrollo,Media,2 días hábiles,2026-09-19,,Abierto,,"Evidencia completa en TC-M02-G33: Reconfirmado 2026-09-19 contra TEST, cuenta Administrador. POST /activos-biologicos/416/fases {""id_ciclo_productiva"":2} → 201, crea la fase 1 (paso_actual=1, ""Fase larval trucha""). Segundo POST /activos-biologicos/416/fases {""id_ciclo_productiva"":2,""motivo_cambio"":""Salto no estandar - QA-G33"",""confirmacion_no_estandar"":true,""fase_destino_id"":3} (pidiendo saltar directo a la fase 3, la de engorde, saltando la 2) → 201, pero la respuesta trae paso_actual=2 y nombre_fase_actual=""Fase juvenil trucha"": el sistema ignoró fase_destino_id y confirmacion_no_estandar por completo y avanzó a la siguiente fase de la secuencia normal, como si esos campos no se hubieran enviado. Assert de Newman fallida: ""RF-37: el salto respeta fase_destino_id (paso_actual=3), no avanza secuencial por defecto (paso_actual=2)"" → ""expected 2 to deeply equal 3"". Confirmado por código que CambiarFaseDTO (cambiar_fase_dto.py) no declara esos dos campos en absoluto. Clasificado Media: es una funcionalidad exigida por el RF que no existe, pero no genera ningún estado inconsistente ni pérdida de datos — el sistema simplemente ignora la instrucción y aplica el comportamiento seguro por defecto.",Juan Manuel
2,INC-M02-G34 - V3,"Cuatro fallas al registrar cambios de fase de un activo. (1) Se acepta una fecha de fase futura sin ningún rechazo. (2) Un salto de fase fuera de secuencia sin confirmación se acepta en vez de rechazarse. (3) Crear una fase que se solapa con una ya cerrada debería dar un error claro (409), pero da un error genérico de servidor (500). (4) Lo mismo pasa al intentar cambiar de fase un activo que ya está CERRADO: debería dar 409 y da 500.",RF-37,Validación de datos y manejo de errores,Desarrollo,Media,2 días hábiles,2026-09-19,,Abierto,,"Evidencia completa en TC-M02-G34: Reconfirmado 2026-09-19 contra TEST, cuenta Administrador, sobre 4 activos distintos creados para cada sub-caso. (1) Fecha inválida: POST /activos-biologicos/424/fases {""id_ciclo_productiva"":2,""fecha_inicio"":""2027-01-01T00:00:00Z""} → 201, la fase se crea con esa fecha tal cual, sin ningún rechazo (se esperaba 400). (2) Salto sin confirmación: POST /activos-biologicos/425/fases {""id_ciclo_productiva"":2,""fase_destino_id"":3} (sin confirmacion_no_estandar) → 201, paso_actual=2 — avanzó secuencial en vez de rechazar con 409. (3) Solapamiento: activo 428 con fase 1 cerrada y fase 2 activa; POST /activos-biologicos/428/fases {""id_ciclo_productiva"":2,""fecha_inicio"":""2020-01-01T00:00:00Z""} (fecha que se solapa con la fase 1 ya cerrada) → 500 ERROR_INTERNO ""Error inesperado en base de datos"" (se esperaba 409). (4) Activo CERRADO: activo 429 cerrado vía POST /activos-biologicos/429/cierre (200, estado=""CERRADO"" confirmado); POST /activos-biologicos/429/fases inmediatamente después → 500 ERROR_INTERNO (se esperaba 409). En (3) y (4) se confirmó por código que los triggers de base de datos (trg_fn_fase_solapamiento P0227, trg_fn_fase_activo_estado_valido P0228) SÍ rechazan la operación correctamente a nivel de base de datos — el problema es que raise_from_db_error (db_error_translator.py) no traduce esos SQLSTATE, así que el error sale como 500 genérico en vez de 409 de negocio. 4 aserciones de Newman fallidas, una por cada sub-caso. Clasificado Media: la regla de negocio de (3) y (4) sí se cumple internamente (no hay corrupción de datos), pero (1) y (2) son omisiones reales de validación, y en los 4 casos el cliente de la API recibe una respuesta incorrecta o poco informativa.",Juan Manuel
2,INC-M02-G77 - V3,"Dos fallas en la ficha integral del activo. (1) Falta por completo una de las 8 secciones que exige el RF (la de ""accesos directos""). (2) Si una sección individual fallara al consultarse, no hay manejo de error por separado: se caería toda la ficha completa en vez de mostrar solo esa sección como ""no disponible"".",RF-47,Funcionalidad incompleta / Manejo de errores,Desarrollo,Media,2 días hábiles,2026-09-19,,Abierto,,"Evidencia completa en TC-M02-G77: Reconfirmado 2026-09-19 contra TEST, cuenta Administrador. GET /activos-biologicos/5/ficha-integral → 200 OK, respuesta con 23 propiedades (identificador, tipo, especie, estado_actual, fase_productiva_activa, eventos_sanitarios, eventos_crecimiento, indicadores, advertencias, etc.) pero ninguna llamada accesos_directos — confirmado también por código: no existe ese campo en la entidad FichaIntegral (activo_biologico.py) ni en ConsultarFichaIntegralUseCase. Assert de Newman fallida: ""RF-47: debe existir la Seccion 8 (accesos directos)"" → ""expected { id_activo_biologico: 5, …(23) } to have property 'accesos_directos'"". Para el segundo punto (fallo parcial no aislado), no fue posible reproducirlo en vivo sin modificar un objeto de base de datos compartido por todo el equipo en TEST (riesgo para otros usuarios) — se confirmó por lectura de código que _indicadores() (consultar_ficha_integral_use_case.py, líneas 206-222) y las demás funciones de sección no tienen try/except individual, por lo que una falla en cualquiera de esas consultas se propagaría sin control. Clasificado Media: es una funcionalidad incompleta del RF (falta 1 de 8 secciones) y un riesgo de disponibilidad confirmado en el código aunque no reproducido en producción.",Juan Manuel
9,INC-M09-01-109 v2.0,"Las operaciones de consulta sobre plantillas (listar_plantillas, obtener_plantilla) y los intentos fallidos de cualquier operacion (creacion, versionado) no quedan registrados en el nuevo endpoint de auditoria GET /configuracion/plantillas/auditoria. Solo la creacion y el versionado exitosos se auditan (agregado en el ultimo release); consulta y fallos siguen sin trazabilidad.",RF-30,Auditoria / Trazabilidad (OWASP A09),Backend,Media,2 dias habiles,2026-09-12,2026-09-16,Cerrado,,"13/13 aserciones confirman el alcance exacto del fix (creacion y versionado exitosos si se auditan; consulta y fallidos no). Ver tambien INC-M09-02-115 v2.0 (mismo defecto, subconjunto de creacion).",Daniela
9,INC-M09-01-G01,"El frontend TEST (https://sigab-frontendtest-6aqrny-d2b730-158-69-200-27.sslip.io) está servido por HTTPS, pero todas sus peticiones XHR al backend TEST se dirigen a un endpoint HTTP plano (http://sigab-backendtest-389pcb-a48238-158-69-200-27.sslip.io). El navegador bloquea automáticamente estas peticiones por política de Mixed Content (contenido activo inseguro en página segura), impidiendo cualquier comunicación frontend→backend vía navegador, en cualquier módulo que dependa de llamadas a ese host. Evidenciado al intentar ejecutar TC-M09-G01 (RF-15) sobre /activos-biologicos, pero el origen del problema es transversal a todo el despliegue, no específico de esa ruta.","Transversal (detectado durante RF-15, Módulo 9; afecta potencialmente a todos los RF cuyo flujo pase por el navegador)",INFRAESTRUC,Implementación (ambiente TEST),Crítico,Mismo día (máx. 4 horas),2026-09-03,2026-09-03,Abierto,,"Mensaje de consola del navegador: ""Mixed Content: The page at '...sslip.io/activos-biologicos' was loaded over HTTPS, but requested an insecure XMLHttpRequest endpoint 'http://...sslip.io/activos-biologicos'. This request has been blocked"". Recurso activos-biologicos reportado con Restriction Status: blocked. Bloquea la ejecución de TC-M09-G01 (RF-15, registro de especie) vía UI/Cypress; queda pendiente confirmar si el bloqueo afecta también al login y otros módulos ya probados (M01), o si solo aplica a rutas nuevas del despliegue actual. Se recomienda a Implementación: (a) emitir/instalar certificado TLS válido en el backend TEST y servirlo por HTTPS, o (b) si se usa sslip.io con Let's Encrypt automático, verificar que el reverse proxy (nginx/Traefik) esté correctamente configurado para terminar TLS antes de reenviar al backend.",
9,INC-M09-02-115 v2.0,"La creacion fallida de una plantilla (por ejemplo, sin template_name o con datos invalidos) no queda registrada en auditoria -- solo la creacion exitosa se audita desde el ultimo release. Es el mismo defecto de INC-M09-01-109 aplicado especificamente al escenario de creacion que exige esta ficha.",RF-31,Auditoria / Trazabilidad (OWASP A09),Backend,Media,2 dias habiles,2026-09-12,2026-09-16,Cerrado,,"9/10 aserciones -- la de creacion exitosa paso (corregida); la de creacion fallida fallo en rojo, confirmando que el defecto sigue presente. V3.0: La creación fallida de una plantilla queda registrada en auditoría — cumplida solo para fallas de regla de negocio; no para rechazos de validación de esquema. Por lo que se da como cerrado",Daniela
9,INC-M09-02-G02,"Al enviar POST /configuracion/especies con datos completamente válidos (nombre entre 3-50 caracteres, formato correcto), el backend responde 500 Internal Server Error (error_code: ERROR_INTERNO, ""Error inesperado en base de datos"") en vez de 201 Created. Confirmado 3/3 veces con payloads distintos, fuera de Newman. GET funciona correctamente (200, catálogo con 7 especies). El fallo es exclusivo del paso de persistencia (INSERT) de una especie nueva.",RF-15,INFRAESTRUC — fallo de BD al persistir,Desarrollo,Severo,1 día hábil,2026-09-03,2027-09-04,Cerrado,2026-09-05,"Colección Newman: tests/Test_Testing/Test_Modulo9/RF-15/TC-M09-G02/test_tc_m09_g02.json. Reporte: tests/Test_Testing/Test_Modulo9/RF-15/TC-M09-G02/Resultados/reporte_tc_m09_g02.html. Reproducido fuera de Newman con {""nombre"":""Ave""}, {""nombre"":""Pez""}, {""nombre"":""Cuy""} → 500 en los 3 casos, idéntico body de error. Bloquea sub-casos 1, 2 y 7 de TC-M09-G02 (creación y duplicado); sub-casos 3, 4, 5a, 5b, 5c y 6 (validaciones de negocio) pasaron correctamente. Caso de prueba TC-M09-G02: Fallido.",Sebastian
9,INC-M09-03-122 v2.0,"El sistema permite aplicar una version superada (no vigente) de una plantilla exactamente igual que la vigente, sin ninguna restriccion, rechazo ni advertencia -- el versionado de plantillas no cumple su proposito de control de cambios.",RF-31,Validacion / Integridad,Backend,Severo,1 dia habil,2026-09-12,2026-09-15,Cerrado,,"10/11 aserciones, TC-M09-236 confirma que se puede aplicar una version superada (200 OK).",Daniela
9,INC-M09-03-G109,"La creación y el versionado de plantillas de configuración sí generan registro de auditoría (confirmado directamente en modulo9.auditorias_plantillas, con snapshot completo de antes/después), pero no existe ningún endpoint que exponga esa auditoría al usuario. El único endpoint de consulta relacionado (GET /configuracion/plantillas/historial) es exclusivo para aplicaciones de plantilla (RF-32) — no cubre creación ni versionado. CU-07 (Flujo D) exige poder ""consultar historial y auditoría"" de plantillas de forma general, y ese flujo no está servido para estas dos operaciones.",RF-30,Funcional — endpoint faltante,Desarrollo,Medio,2 días,2026-09-04,2026-09-06,Abierto,,"Confirmado por consulta directa a la base de datos: existe registro en modulo9.auditorias_plantillas para la plantilla creada durante la prueba, con tipo_operacion=CREATE y snapshot completo. Revisado el código fuente: RegistrarPlantillaUseCase y VersionarPlantillaUseCase sí invocan auditoria_repo.registrar(). Revisado el router completo de plantillas confirmando que SqlAlchemyAuditoriaPlantillaRepository solo se usa para escribir, nunca para leer — no hay endpoint GET asociado. Este hallazgo corrige uno previo que afirmaba que la auditoría nunca se invocaba en el flujo, lo cual se confirmó como incorrecto.",Daniela
9,INC-M09-04-124 v2.0,Un intento fallido de aplicacion de plantilla (con rollback) no queda registrado en ningun lugar consultable (ni en /configuracion/plantillas/historial ni en auditoria) -- el bloque except de AplicarPlantillaUseCase nunca invoca al repositorio de auditoria. El rollback de datos en si funciona correctamente; el problema es exclusivamente de trazabilidad.,RF-32,Auditoria / Trazabilidad (OWASP A09),Backend,Severo,1 dia habil,2026-09-12,2026-09-15,Cerrado,,TC-M09-241 (fallo con rollback) sigue sin auditarse,Daniela
9,INC-M09-04-G112,"El sistema no valida que valor_min/valor_max de un umbral ambiental estén dentro del rango físico real de la variable asociada. Se creó una plantilla con id_variable_ambiental=1 (""Temperatura del agua"", rango físico real en catálogo: 0–45°C) enviando valor_min: -999, valor_max: 999 — el sistema respondió 201 Created y persistió el umbral tal cual, sin ningún error de validación. RF-31 exige explícitamente HTTP 422 para ""parámetro fuera del rango permitido"".",RF-31,Validación — OWASP A03,Desarrollo,Severo,1 dia,2026-09-05,2026-09-06,Cerrado,,"Confirmado en vivo contra el ambiente TEST real, usando la forma correcta del esquema (id_variable_ambiental, unidad_medida, valor_min, valor_max — no la forma nombre/valor de metricas_produccion ni un objeto _min/_max, que fueron intentos previos con forma incorrecta). Se creó y persistió una plantilla real con los valores absurdos. Revisado el código fuente (esquema_plantilla.py, CAMPOS_REQUERIDOS.umbrales_ambientales): la regla que valida estos campos (NUMERO) solo comprueba que el valor sea numéricamente convertible, sin comparar contra valor_fisico_min/valor_fisico_max de la variable ambiental asociada en el catálogo (modulo9.variables_ambientales). No existe ninguna regla de mínimo/máximo para valor_min, valor_max, ni para ningún otro campo numérico del snapshot de plantillas.",Daniela
9,INC-M09-05-110 v2.0,"capturarConfiguracionEspecie() (src/configuration/api/especiesConfigApi.ts) llama .map() directamente sobre la respuesta de GET /configuracion/ciclos, /patologias, /metricas y /umbrales, pero esos 4 endpoints responden {total, items} y no un arreglo. La lectura de parametros falla siempre, para cualquier especie, mostrando ""No se pudo leer la configuracion de la especie"" y dejando el boton ""Crear plantilla"" deshabilitado de forma permanente -- el flujo de creacion de plantillas esta completamente bloqueado desde la interfaz.",RF-31,Funcional (bug de integracion frontend-backend),Frontend,Severo,1 dia habil,2026-09-12,2026-09-15,Cerrado,,"el codigo si fue modificado en el interin (helper listarOVacio() para fallos de permisos en una sola categoria), pero no ataca la causa raiz -- el defecto persiste sin cambios.",Daniela
9,INC-M09-05-G115,"Los intentos fallidos de creación de plantilla (nombre duplicado, especie inválida, esquema inválido, campos obligatorios ausentes) no quedan registrados en ningún lado — ni en modulo9.auditorias_plantillas ni en el log general. Esto no es solo una omisión de código: la tabla auditorias_plantillas define id_plantilla como NOT NULL, y un intento fallido nunca llega a crear una plantilla — por diseño actual del esquema, es imposible representar un ""CREATE fallido"" sin antes cambiar la estructura de la tabla.",RF-31,Auditoría — OWASP A09,Desarrollo + DBA,Medio,2 días,2026-09-05,2026-09-07,Abierto,,"Confirmado contando filas de modulo9.auditorias_plantillas antes (61) y después (62) de ejecutar el script corregido: el CREATE exitoso sí generó una fila nueva (id_plantilla=65), pero el intento fallido inmediatamente después (sin template_name) no generó ninguna. Revisado RegistrarPlantillaUseCase: ninguna de sus rutas de rechazo (nombre duplicado, especie inválida/inactiva, alcance no permitido, validación de esquema del DTO) invoca auditoria_repo.registrar(). Revisado el esquema de la tabla: id_plantilla integer NOT NULL — confirma que el gap es estructural, no solo una llamada faltante en el código. Corrige un hallazgo previo que afirmaba que tampoco se registraba el CREATE exitoso, lo cual se confirmó como incorrecto (evidencia en INC-M09-04-G112 y en esta misma prueba).",Daniela
9,INC-M09-06-G07,"El catálogo de especies no soporta creación en modo offline. Cuando el dispositivo pierde conexión, el botón ""Nueva especie"" queda deshabilitado (disabled={!online}) y no existe mecanismo que permita registrar la especie localmente para sincronizarla luego. La ficha de RF-15 exige explícitamente que, en modo offline, las operaciones se almacenen localmente y se sincronicen automáticamente al restablecer la conexión, incluyendo un flujo de resolución de conflicto cuando el nombre ya fue registrado por otro usuario durante la desconexión. Ninguna de estas dos capacidades existe actualmente: no hay tabla de escritura pendiente en IndexedDB para especies, no hay integración con la cola de sincronización de la aplicación, y por tanto el escenario de conflicto de sincronización tampoco puede producirse ni resolverse. Se confirmó además que el mismo problema se repite en los catálogos de patologías y métricas del mismo módulo.",RF-15,Flujo,Desarrollo,Severo,1 dia habil,2026-09-12,2026-09-13,Abierto,,"Reporte de reevaluación de TC-M09-G07: SGPMP-FRONT-END-PWA/testing/test_testing/Modulo9/RF-15/TC-M09-G07/RESULTADOS/REEVALUACION_2026-09-12/TC-M09-G07_resultado.md, con capturas (01_ui_offline_bloqueo_incumplimiento.png, 02_intento_registro_especie.png) y video (tc-m09-g07-sincronizacion-offline.cy.ts.mp4). Verificado mediante inspección de código (ConfigurationPage.tsx, useEspecies.ts, db.ts/especiesTable.ts) y ejecución de Cypress. Se descartaron explicaciones alternativas: no existe documentación de alcance limitado intencional en el historial de commits, la detección de conectividad usa la API estándar del navegador (navigator.onLine / eventos online-offline, igual en producción que en prueba), no hay feature flags relacionados, y el spec de prueba está técnicamente validado sin condiciones de carrera. El backend sí valida correctamente la unicidad de nombre en modo online (HTTP 409), y el incidente histórico de error 500 en este endpoint (INC-M09-01-G01) permanece resuelto; ambos hallazgos no compensan el incumplimiento del requisito offline.",JuanSG
9,INC-M09-06-G118,"Aplicar una plantilla completamente válida (esquema vigente, todos los campos requeridos) sobre una especie activa responde HTTP 500 ERROR_INTERNO en vez de completar la operación con éxito. El endpoint POST /configuracion/plantillas/{id}/aplicar nunca logra aplicar ninguna plantilla en su flujo de éxito — es la operación central de RF-32 y está completamente inoperable.",RF-32,Integración / Validación / Integridad,Desarrollo,Crítico,Mismo día (máx. 4 horas),2026-09-05,2026-09-05,Cerrado,,"Reproducido dos veces con payload completamente válido (esquema vigente, metricas_produccion con nombre/unidad_medida/tipo_medicion/aplica_a_tipo_activo, nombre de métrica único para descartar colisión con el trigger de unicidad global) — mismo resultado ambas veces: 500. Rastreado el mensaje de error: proviene del fallback genérico de raise_from_db_error(), el que se activa solo cuando la excepción NO es una violación de unicidad, FK o check ya traducida — confirma que es una excepción real no controlada dentro del flujo de aplicación, no un problema de los datos enviados. Se confirmó que la especie destino no sufre cambios (mismo fecha_actualizacion antes/después), es decir, el rollback funciona correctamente, pero la operación en sí nunca se completa. TC-M09-228 (esquema obsoleto → 412) no solo está bloqueado por este 500: es estructuralmente imposible de probar hoy, porque RegistrarPlantillaUseCase siempre sobreescribe schema_version al valor vigente sin importar lo que se envíe, y el sistema nunca ha tenido una versión 2 del esquema. TC-M09-229 (especie destino inactiva → 422) se confirmó correcto, sin hallazgos.",Daniela
9,INC-M09-06-G15,"El endpoint PATCH /configuracion/metricas/{id}/desactivar falla con HTTP 500 Internal Server Error en lugar de evaluar la regla de negocio de dependencias, para cualquier métrica cuyo dato semilla en modulo9.metricas_produccion.tipo_medicion tenga el valor legado 'manual'. El enum de dominio TipoMedicion solo acepta {'PESO','VOLUMEN','LONGITUD','CONTEO','OTRO'}, por lo que SqlAlchemyMetricaProduccionRepository._a_entidad(orm) lanza ValueError: 'manual' is not a valid TipoMedicion de forma no controlada antes de invocar tiene_dependencias_activas(). Confirmado 100% reproducible en dos ejecuciones independientes (mismo HTTP 500, misma causa). No hay corrupción ni pérdida de datos: la métrica afectada (id_metrica_produccion=1, ""Peso promedio individual"") permanece es_activo=True en ambas corridas, antes y después del intento.",RF-16,Flujo / Proceso,Desarrollo,Severo,1 día,2026-09-13,2026-09-14,Cerrado,,"Confirmado en reevaluación de TC-M09-G15 (subcaso TC-M09-38), dos corridas independientes con resultado idéntico. Verificación de integridad pre/post vía verificar_bd_pre_post.py: 0 mutaciones en las 3 entidades reales evaluadas del caso (etapa, patología, métrica). Reporte: tests/Test_Testing/Test_Modulo9/RF-16/TC-M09-G15/Resultados/resultado_tc_m09_g15_reevaluacion.md. No relacionado con INC-M09-03 (stubs de patología/métrica), el cual sí quedó subsanado por el commit a2dd2ed — este es un defecto nuevo y distinto, de inconsistencia entre datos semilla legados y el enum de dominio actual.",JuanSG
9,INC-M09-07-G119,"Al aplicar una plantilla con las 4 categorías del esquema (ciclos biológicos, métricas de producción, umbrales ambientales, patologías), todas con datos completos y válidos, el sistema responde 500 y ninguna de las 4 categorías queda aplicada en la especie destino. Es el mismo defecto de fondo de INC-M09-06-G118 (RF-32 completamente inoperable en su flujo de éxito), confirmado ahora con las 4 categorías a la vez, verificando cada una en su endpoint real.",RF-32,Integración / Integridad,Desarrollo,Crítico,Mismo día (máx. 4 horas),2026-09-05,2026-09-05,Cerrado,,"Reproducido con script automatizado (no solo verificación manual): se creó una plantilla con las 4 categorías sobre la especie activa, se intentó aplicar (500), y se consultaron los 4 endpoints reales de la especie (/configuracion/ciclos, /metricas, /umbrales, /patologias) confirmando que ningún parámetro de ninguna categoría quedó aplicado — sin escritura parcial. Por separado, se verificó que la plantilla origen permanece inmutable tras el intento fallido: template_name, version y params_snapshot idénticos antes y después (TC-M09-243, correcto). Mismo defecto de fondo que INC-M09-06-G118 — no es un hallazgo nuevo, es confirmación adicional con las 4 categorías combinadas.",Daniela
9,INC-M09-08-G110,"capturarConfiguracionEspecie() (src/configuration/api/especiesConfigApi.ts) llama .map() directamente sobre la respuesta de GET /configuracion/ciclos, /patologias, /metricas y /umbrales, pero esos 4 endpoints responden {total, items} y no un arreglo. Esto hace que la lectura de parámetros falle siempre, para cualquier especie, mostrando ""No se pudo leer la configuración de la especie"" y dejando el botón ""Crear plantilla"" deshabilitado de forma permanente — el flujo de creación de plantillas está completamente bloqueado desde la interfaz.",RF-31,Funcional,Frontend,Severo,3 días,2026-09-05,2026-09-06,Abierto,,"Ficha TC-M09-G110. Reproducido con 2 especies distintas (Cachama Blanca y Camarón Blanco, esta última con datos reales confirmados en TC-M09-G104), descartando que sea un problema de datos de una especie puntual. Backend validado correcto de forma independiente vía Newman (tc-m09-110.json): POST /configuracion/plantillas responde 201 con version=1 y la plantilla queda visible en el listado — el defecto es exclusivo de la capa de frontend. Video de la corrida de Cypress disponible en RESULTADOS/videos/.",Daniela
9,INC-M09-08-G123,"RF-32 describe un ciclo de vida de estados para la plantilla durante su aplicación (PUBLICADA → EN APLICACIÓN → PUBLICADA) y un contador de usos que debería incrementarse tras cada aplicación exitosa. Ninguno de los dos existe en el sistema: no hay estado transitorio ni persistente, ni contador de usos, en ningún punto del flujo — ni en el camino exitoso ni en el de fallo. No es solo una omisión de campos: hay un trigger de base de datos que bloquea cualquier UPDATE sobre la tabla de plantillas, por lo que ni siquiera sería posible implementar la transición de estado de la forma más simple sin rediseñar la inmutabilidad actual.",RF-32,Funcional — funcionalidad no implementada,Desarrollo + DBA,Medio,2 días,2026-09-05,2026-09-07,Cerrado,,"Confirmado directamente en el esquema de modulo9.plantillas: las únicas columnas son id_plantilla, id_especie, id_usuario, template_name, params_snapshot, version, fecha_creacion — sin campo de estado ni contador de usos. Se leyó además la función del trigger trg_fn_plantilla_inmutable, que lanza IMMUTABLE_TEMPLATE ante cualquier UPDATE sobre la tabla (""Para actualizar, genere una nueva versión mediante INSERT"") — confirma que el diseño actual no permite una transición de estado transitoria sin cambiar primero esta regla de inmutabilidad. No aplica a un script de prueba ejecutable: es una funcionalidad de la ficha que nunca se construyó.",Daniela
9,INC-M09-10-G15,"Los adaptadores StubDependenciaPatologiaAdapter y StubDependenciaMetricaAdapter (src/configuration/infrastructure/adapters/) retornan False de forma incondicional en tiene_dependencias_activas(), en lugar de consultar dependencias reales en modulo2.eventos_sanitarios y modulo2.eventos_productivos. Como consecuencia, PATCH /configuracion/patologias/{id}/desactivar y PATCH /configuracion/metricas/{id}/desactivar nunca bloquean la desactivación aunque la entidad esté en uso activo, respondiendo HTTP 200 OK en vez de HTTP 422 (reglas FA-04 y FA-09 de RF-16). Identificado por auditoría de código; no se ejecutó la escritura real en TEST para no desactivar de forma irreversible la única patología activa existente, dado que además no hay filas hoy en modulo2.eventos_sanitarios/eventos_productivos para probarlo con datos reales.",RF-16,ESTADO,Desarrollo,Severo,1 dia,2026-09-05,2026-09-06,Cerrado,,"Código citado: patologia_router.py (línea con StubDependenciaPatologiaAdapter()), dependencia_patologia_stub.py, metrica_router.py, dependencia_metrica_stub.py. Informe completo: tests/Test_Testing/Test_Modulo9/RF-16/TC-M09-G15/Resultados/resultado_tc_m09_g15_detalle.md. Recomendación técnica: reemplazar los stubs por repositorios reales contra vistas SQL de dependencias (vw_rf16_dependencias_patologias/_metricas, aún no existen).",Sebastian
9,INC-M09-102-G22,"Reevaluación V2: el defecto original que impedía crear umbrales y producía HTTP 500 ERROR_INTERNO quedó corregido y verificado por QA: TC-M09-46/47/48/49 responden ahora HTTP 201, generan los IDs 38–41 y conservan correctamente valores, niveles y asociaciones. Durante la reevaluación se detectó un hallazgo UI pendiente: en la tabla Umbrales Ambientales, la columna Rango general contiene correctamente valor_min – valor_max, pero el texto se muestra blanco sobre fondo blanco, por lo que el rango resulta invisible y únicamente se aprecia la unidad.",RF-17,UI_ACCESIBILIDAD — Interfaz / Accesibilidad,Desarrollo Frontend,Mantener severidad vigente de INC-M09-31-G22. Hallazgo UI: Bajo recomendado,Para hallazgo UI: 3 días hábiles recomendado,13/09/2026 (hallazgo UI V2),2026-09-16,Cerrado,,"Corrección V1 verificada: RUN_ID G22-REEVAL-V2-20260913-004518, TEST. POST 4/4 → 201; IDs 38,39,40,41 persistidos. Hallazgo UI: reproducido en TC-46/47/48/49 y también visible en registros preexistentes. color: rgb(255,255,255) y -webkit-text-fill-color: rgb(255,255,255) sobre fondo rgb(255,255,255), contraste 1:1. API correcta; defecto localizado en presentación. Fecha límite propuesta para el hallazgo UI según severidad Bajo.",Juan Esteban
9,INC-M09-103-G28,"Se detecta una discrepancia entre la definición de RF-17 y el esquema desplegado de PostgreSQL para los campos valor_min y valor_max de umbrales ambientales. RF-17 establece numeric(5,2), mientras que TEST reporta numeric(8,2). La escala de 2 decimales coincide y la precisión funcional evaluada fue correcta: los valores 35.57 y 39.23 se conservaron exactamente en POST, GET, PostgreSQL y UI, incluso después de una nueva sesión. No se comprobó impacto funcional ni se ensayaron valores orientados a explotar la diferencia de capacidad.",RF-17,BD / Contrato de datos / Esquema,Desarrollo Backend / responsable de BD,Pendiente de validar,Pendiente de validar,2026-09-13,,Cerrado,,"PostgreSQL TEST: valor_min y valor_max = numeric(8,2). RF-17: numeric(5,2). ORM local usa Numeric sin precisión/escala explícita. TC-M09-60 y TC-M09-61 permanecen APROBADOS. No existe evidencia de truncamiento, redondeo o pérdida de precisión.",Juan Esteban
9,INC-M09-104-G29,"La implementación actual de la configuración de umbrales correspondiente a RF-17 no propaga las configuraciones hacia los Nodos Edge ni implementa el manejo del fallo de sincronización. En TC-M09-62, crear o editar un umbral únicamente valida, persiste y audita; no existe publicación MQTT, destino Edge, ACK ni estado de sincronización. En TC-M09-63, al no existir el flujo de sincronización tampoco existe una rama de error que conserve la configuración central y la marque como Pendiente de Sincronización, ni se implementa el comportamiento esperado ante un fallo de propagación.",RF-17,FLUJO — Flujo / Proceso,Desarrollo Backend / Integración IoT,Severo,1 día hábil,2026-09-13,2026-09-14,Abierto,,"Confirmado en DEV mediante contrato desplegado, código equivalente a origin/dev y ejecución de solo lectura. Los casos de uso de crear/editar umbrales no referencian MQTT, broker, Edge, ACK, timeout ni sincronización. UmbralAmbientalResponse no contiene estado de sincronización. POST declara 201/401/403/404/409/422 y PATCH 200/401/403/404/412/422; no existe rama 500 asociada a propagación. La integración MQTT existente corresponde a RF-23, no al flujo RF-17.",Juan Esteban
9,INC-M09-105-G30,"Durante la reevaluación aprobada de TC-M09-G30 se identificaron dos observaciones relacionadas con la auditoría. Observación 1: los eventos CREATE y UPDATE de umbrales se registran correctamente en la auditoría específica de RF-17 (GET /configuracion/umbrales/{id}/auditoria), pero no aparecen integrados en la auditoría global D09 (GET /auditoria/). Por tanto, un auditor que consulte únicamente D09 no puede observar las modificaciones de umbrales. Observación 2: los snapshots de auditoría presentan una representación decimal inconsistente; valores numéricamente equivalentes pueden aparecer como ""42.0"" o ""42.00"", dificultando comparaciones textuales entre eventos. TC-M09-64 permanece APROBADO porque usuario, operación, fecha/hora y valores auditados son funcionalmente correctos.",RF-17,FLUJO — Trazabilidad / representación de datos auditados,Desarrollo Backend,Pendiente de validar,Pendiente de validar,2026-09-13,,Cerrado,,"Umbral 44. CREATE auditoría #7 y UPDATE #8 correctamente correlacionados al usuario 104. D09 global no contiene dichos eventos. En snapshots se observan variantes como ""42.0"" y ""42.00"" para valores equivalentes. Evidencia en TC-M09-64-auditoria-v2.json y reportes Newman.",Juan Esteban
9,INC-M09-106-G31,"La implementación actual del monitoreo no utiliza los niveles Normal / Precaución / Crítico configurados mediante RF-17 para clasificar las mediciones ambientales. TC-M09-66/67/68: una medición que pertenezca a los niveles configurados no es evaluada contra niveles_alerta_ambientales. La ingesta de una LECTURA_VALIDA fija estado_semaforo='VERDE'; AMARILLO y ROJO se generan a partir de alertas de M03, no de RF-17; y el historial utiliza un adaptador stub que no obtiene el umbral efectivo, por lo que termina en GRIS. El frontend únicamente representa el estado_semaforo enviado por backend. Adicionalmente, SemaforoCalculator utiliza una lógica umbral_min/umbral_max ±10 %, distinta del modelo de tres niveles configurables de RF-17.",RF-17,FLUJO — Flujo / Proceso,Desarrollo Backend / Integración Monitoreo,Severo,1 día hábil,2026-09-13,2026-09-14,Abierto,,"Confirmado tanto en TEST como en DEV. Configuración usada en TEST: umbral #44, NORMAL 37–39, PRECAUCIÓN 39–41, CRÍTICO 41–43. Valores representativos: 38, 40 y 42. No se enviaron mediciones porque la revisión previa confirmó que el clasificador RF-17 no existe. Código y contrato muestran 0 uso de niveles_alerta_ambientales en telemetría/predicción/shared. Historial usa UmbralHistoricoM09Adapter stub. UI solo refleja estado_semaforo. Evidencias: TC-M09-G31-evidencia-TEST.json, TC-M09-G31-evidencia-DEV.json, reportes Newman TEST/DEV.",Juan Esteban
9,INC-M09-107-G32,"La implementación actual del módulo de Monitoreo no consume los umbrales configurados mediante RF-17, por lo que una modificación de la configuración no puede reflejarse en el monitoreo. TC-M09-69: el historial utiliza UmbralHistoricoM09Adapter, actualmente un stub que devuelve None, provocando semáforos históricos GRIS; el dashboard obtiene estado_semaforo desde M03 sin consultar RF-17; ningún componente del flujo de Monitoreo consulta umbrales_ambientales ni niveles_alerta_ambientales; y las respuestas de Monitoreo no exponen ID de umbral, rango, niveles, versión ni especie que permitan correlacionar la configuración efectiva. El mismo comportamiento fue confirmado en TEST y DEV.",RF-17,FLUJO — Flujo / Proceso,Desarrollo Backend / Integración Monitoreo,Severo,1 día hábil,2026-09-13,2026-09-14,Cerrado,,"TEST: umbral #39, Tilapia + Temperatura del agua, 18.00–27.00. DEV: umbral #10 usado como contraste. No se ejecutó PATCH porque la verificación previa confirmó que Monitoreo no dispone de mecanismo para consumir ni exponer la configuración RF-17. UmbralHistoricoM09Adapter.obtener_umbral_vigente() devuelve None. Dashboard e historial responden 200, pero sin información de umbral. Evidencias: TC-M09-69-evidencia-TEST.json, TC-M09-69-evidencia-DEV.json, monitoring-before-TEST.json, monitoring-before-DEV.json, reportes Newman TEST/DEV.",Juan Esteban
9,INC-M09-19-01,"finca_router.py decide si un usuario ve solo sus fincas asignadas comparando usuario_actual.id_rol == _ROL_PROD, con _ROL_PROD = 2 fijo en el código. No es un error de autorización activo (el RBAC real sigue en modulo1.permisos, y el filtrado funciona correctamente hoy, verificado en TC-M09-G44), pero si el id_rol de Productor cambiara alguna vez en modulo1.roles, el filtrado de datos por asignación se rompería en silencio, sin ningún error visible.",RF-19,LOGICA,Desarrollo,Baja,2 días hábiles,2026-09-05,,Abierto,,"Confirmado junto con TC-M09-G44 (RBAC de fincas por rol). Documentado en anotaciones/modulo_9/estado_M09.md, sección RF-19.",
9,INC-M09-20-02,"Al desactivar un área productiva que tiene sensores asociados vigentes pero cuyos dispositivos IoT están inactivos (PATCH /configuracion/infraestructuras/{id}/desactivar), el backend responde 500 Internal Server Error con error_code: ERROR_INTERNO y mensaje genérico ""Error inesperado en base de datos"", en vez de 422 con el código de negocio esperado (INFRAESTRUCTURA_CON_DEPENDENCIAS). Causa raíz confirmada reproduciendo la operación directo contra PostgreSQL: la aplicación (InfraestructuraDependencyAdapter) solo considera ""dependencia activa"" un dispositivo IoT con es_activo=true, pero el trigger de BD trg_fn_infraestructura_no_desactivar_en_uso usa un criterio más estricto -cualquier fila vigente (tiene_estado=true) en modulo9.sensores_areas_asociadas, sin mirar si el dispositivo enlazado está activo o no-. Cuando un área tiene sensores vigentes ligados a dispositivos inactivos, la app cree que no hay dependencias y deja pasar la operación hasta la BD, donde el trigger la rechaza con una excepción (AREA_IN_USE) que no está mapeada en db_error_translator.py, así que escapa como 500 genérico en vez de un 422 de negocio. La operación sí se rechaza correctamente (no hay corrupción de datos ni desactivación parcial, confirmado con rollback), pero el usuario recibe un error de servidor confuso en vez de un mensaje accionable.",RF-20,LOGICA,Desarrollo,Medio,3 días hábiles,2026-09-06,,Abierto,,"Reproducido y documentado en tests/Test_Testing/Test_Modulo9/RF-20/TC-M09-G52/Resultados/TC-M09-G52-resultados.md, incluida la reproducción directa en SQL: UPDATE modulo9.infraestructuras SET tipo='estanque', es_activo=false WHERE id_infraestructura=6 -> InternalError: AREA_IN_USE: El área ""Piscina-Cam-01"" tiene 0 dispositivo(s) activo(s) y 3 sensor(es) asociado(s). Encontrado durante TC-M09-G52 (TC-M09-103/104), que en sí PASA usando un área distinta (id=10) sin ninguna dependencia. Posible corrección: alinear InfraestructuraDependencyAdapter para que también cuente asociaciones sensor-área vigentes independientemente del estado del dispositivo, o mapear el ERRCODE P0127 (AREA_IN_USE) en db_error_translator.py a un 422 de negocio.",
9,INC-M09-20-G48,"Al registrar (o editar) un área productiva sobre una finca válida y activa (POST /configuracion/infraestructuras), el backend responde 500 Internal Server Error con error_code: ERROR_INTERNO, en vez de 201/422, incluso con datos perfectamente válidos (nombre, tipo, superficie, finca activa). El área nunca se crea. Causa raíz confirmada en código: registrar_infraestructura_use_case.py valida tipo_area contra un catálogo administrable (tabla modulo9.tipos_area, migración alembic 2dbb6d44046f_rf20_catalogo_tipos_area.py), pero esa migración nunca se aplicó a la base del servidor de test compartido (sgpmp_test) — la tabla no existe ahí. El error ocurre sin importar el tipo_area enviado (válido o inválido), porque la consulta a una tabla inexistente falla antes de poder validar nada.",RF-20,"INFRAESTRUC — igual que el ejemplo oficial de esta categoría (fallo de BD, RF-10): no es un error de dato ni de lógica de negocio del RF, sino un componente de infraestructura (el esquema de BD del entorno) desincronizado del código que ya asume su existencia.",Implementación (ambiente TEST),Critico,2 días hábiles,2026-09-06,,Abierto,,"Reportes Newman con la traza del fallo (rutas en el repo del proyecto): tests/Test_Testing/Test_Modulo9/RF-20/TC-M09-G48/Resultados/reporte-TC-M09-G48.html y .../TC-M09-G49/Resultados/reporte-TC-M09-G49.html. Casos de prueba afectados: TC-M09-G48/TC-M09-96 (bloqueado completo) y TC-M09-G49/TC-M09-98(mitad)/99/100 (bloqueados parcialmente; TC-M09-97 y la mitad de rechazo de TC-M09-98 sí pasan). Verificado con SELECT directo en BD: modulo9.tipos_area no existe en sgpmp_test. Causa de fondo probable: el workflow de GitHub Actions que aplica migraciones a test automáticamente (migrate-test.yml) parece haberse agregado DESPUÉS de que esta migración (release v1.0.0-rc.5) se mergeara a la rama test, así que nunca se ejecutó contra esa base; las migraciones posteriores (rc.6+) sí se aplican solas. Desbloqueo: correr manualmente el workflow ""Deploy Migrations - test"" (workflow_dispatch) en GitHub Actions, o aplicar ""alembic upgrade head"" contra sgpmp_test con una credencial con permisos DDL.",
9,INC-M09-20-G49,"Al registrar un área productiva con un nombre que ya existe en la misma finca, pero escrito con otras mayúsculas o minúsculas, el sistema responde HTTP 500 (ERROR_INTERNO, ""Error inesperado en base de datos"") en vez de HTTP 409 con un mensaje claro de nombre duplicado.

Ejemplo reproducido en el ambiente de pruebas: en una finca que ya tiene un área llamada ""Galpon Duplicado Test"", se envía POST /configuracion/infraestructuras con nombre_infraestructura: ""GALPON DUPLICADO TEST"", tipo ""Galpón"", superficie 60.00 y la misma finca. Respuesta: 500 {""error_code"":""ERROR_INTERNO"",""message"":""Error inesperado en base de datos"",""fields"":[]}.

La regla de negocio sí se cumple: el área duplicada no se guarda, porque la base de datos la bloquea con un trigger que compara los nombres sin distinguir mayúsculas y la operación se revierte por completo. Lo que falla es la respuesta al usuario. El trigger avisa del duplicado con un código de error propio de la base de datos (P0125, ""DUPLICATE_AREA""), pero el backend no tiene ese código en su lista de errores conocidos (el traductor de errores de base de datos del módulo compartido solo reconoce los duplicados de etapas y de métricas, P0104 y P0109). Como no lo reconoce, lo trata como un fallo inesperado y devuelve 500. Como el trigger se ejecuta antes de guardar, un duplicado con el nombre escrito exactamente igual sigue el mismo camino.

Con esta prueba también quedó resuelta una duda de la documentación del módulo: la regla real es que el nombre del área no distingue mayúsculas dentro de una finca, al contrario de lo que decía la documentación de endpoints de infraestructura, que la describía como sensible a mayúsculas.",RF-20,Manejo de errores: error de base de datos no traducido a su código HTTP de negocio (500 en lugar de 409),Desarrollo,Medio,3 días hábiles,2026-09-26,2026-09-29,Abierto,,"Detectado en la reevaluación del 26-sep con Postman/Newman contra TEST: 13 peticiones y 21 validaciones, de las que falla solo esta. Los otros 3 sub-casos del grupo pasan: finca inexistente (404), finca inactiva (422), superficie 0 o negativa (400), superficie mínima 0.01 (201), tipo de área válido (201) y tipo no reconocido (400). La causa se confirmó con una consulta de solo lectura a la BD de TEST, revisando el trigger trg_fn_infraestructura_nombre_unique_ci de la tabla de infraestructuras, y en el código del traductor de errores del backend. Corrección sugerida: agregar P0125 a los códigos de nombre duplicado que se traducen a 409, igual que ya se hace con P0104 y P0109. En la misma reevaluación se ajustaron datos desactualizados de la prueba que no eran defectos del sistema: el tipo de área ahora debe enviarse como aparece en el catálogo (""Galpón"", con tilde), y un tipo no reconocido responde 400 según lo define RF-20.",Juan Manuel
9,INC-M09-21-G125-01,"El endpoint de registro de dispositivos IoT (POST /configuracion/dispositivos-iot) acepta con HTTP 201 un payload con sintaxis de inyección SQL en serial (' OR '1'='1' -- {RUN_ID}) y con etiquetas de script en descripcion (<script>alert(1)</script>), cuando la ficha de prueba exige rechazo con 400. Ni el DTO ni el value object SerialDispositivo validan el charset de estos campos, solo la longitud. Se verificó por separado que no es una inyección SQL explotable: SQLAlchemy parametriza las consultas y el payload quedó almacenado como texto literal (el GET de detalle devolvió 200 con el valor intacto). El hallazgo es una brecha de saneamiento/validación de entrada a nivel de API, no una vulnerabilidad de ejecución.",RF-21,SEGURIDAD — OWASP API8,Desarrollo,Medio,2 días,2026-09-05,2026-09-07,Abierto,,"Reporte pytest-html: reporte-TC-M09-G125.html (generado 05/09/2026 10:52:47, pytest-html v4.2.0). Test: tests/Test_Testing/Test_Modulo9/RF-21/TC-M09-G125/test_tc_m09_g125_ataques_dispositivos.py::TestTCM09G125AtaquesDispositivos::test_escenario2_tc_m09_245_payload_inyeccion_sql_nosql (línea 220), escenario TC-M09-245. Aserción fallida: assert 201 == 400. Respuesta del backend: {""id_dispositivo_iot"":54,""serial"":""' OR '1'='1' -- 1788623493750"",""descripcion"":""<script>alert(1)</script>"",""id_infraestructura"":3,""id_tipo_dispositivo"":1,""es_activo"":true,""fecha_creacion"":""2026-09-05T15:51:41.776658Z""}. Datos: id_infraestructura=3, id_tipo_dispositivo=1, dispositivo creado id=54. La prueba verifica explícitamente que el ORM almacena el payload como literal antes de reportar el hallazgo, para distinguir brecha de validación de inyección real. Escenario 1 del mismo TC (TC-M09-244, suplantación por serial reutilizado) pasó: el serial es el identificador único real y el use case rechaza duplicados con 409 SERIAL_DUPLICADO.",
9,INC-M09-21-G125-02,"El endpoint de registro de dispositivos IoT no aplica ningún control de tasa. Una ráfaga de 50 registros concurrentes con seriales secuenciales (20 hilos) se completó en 6.86 segundos con los 50 aceptados (HTTP 201) y cero respuestas 429. No existe rate limiting en ningún middleware del proyecto: src/shared/middlewares.py solo registra RequestContextMiddleware y AccessLogMiddleware. El sistema no bloquea, limita ni marca como sospechosa la enumeración masiva.",RF-21,SEGURIDAD — OWASP API4,Desarrollo,Medio,2 días,2026-09-05,2026-09-07,Abierto,,"Reporte pytest-html: reporte-TC-M09-G125.html (generado 05/09/2026 10:52:47, pytest-html v4.2.0). Test: tests/Test_Testing/Test_Modulo9/RF-21/TC-M09-G125/test_tc_m09_g125_ataques_dispositivos.py::TestTCM09G125AtaquesDispositivos::test_escenario2_tc_m09_245_payload_inyeccion_sql_nosql (línea 220), escenario TC-M09-245. Aserción fallida: assert 201 == 400. Respuesta del backend: {""id_dispositivo_iot"":54,""serial"":""' OR '1'='1' -- 1788623493750"",""descripcion"":""<script>alert(1)</script>"",""id_infraestructura"":3,""id_tipo_dispositivo"":1,""es_activo"":true,""fecha_creacion"":""2026-09-05T15:51:41.776658Z""}. Datos: id_infraestructura=3, id_tipo_dispositivo=1, dispositivo creado id=54. La prueba verifica explícitamente que el ORM almacena el payload como literal antes de reportar el hallazgo, para distinguir brecha de validación de inyección real. Escenario 1 del mismo TC (TC-M09-244, suplantación por serial reutilizado) pasó: el serial es el identificador único real y el use case rechaza duplicados con 409 SERIAL_DUPLICADO.",
9,INC-M09-21-g90,"Durante la ejecución del caso TC-M09-G90 – Aplicación de los temas Claro, Oscuro y Automático según configuración del dispositivo, no fue posible completar la validación porque la interfaz de usuario no presenta actualmente controles u opciones para seleccionar los temas Claro, Oscuro y Automático requeridos por el RF-27. El usuario autenticado puede acceder al módulo de Configuración, pero no se encuentra disponible la funcionalidad de configuración de temas necesaria para ejecutar los escenarios TC-M09-170, TC-M09-171 y TC-M09-172.",RF-27,"ESTADO — Estado / Precondición. La prueba requiere que la funcionalidad de configuración de temas esté disponible en la interfaz para poder establecer y verificar los estados Claro, Oscuro y Automático. La ausencia de dicha configuración impide continuar con la ejecución funcional del caso.",,,,2026-09-06,2026-09-07,Abierto,—,"Ejecución Cypress de TC-M09-G90. El login y acceso a Configuración fueron exitosos, pero no se encontraron controles correspondientes a la configuración de temas Claro/Oscuro/Automático. El caso finalizó como bloqueado: “TC-M09-G90 BLOQUEADO: la configuración de temas Claro/Oscuro/Automático no está disponible en la interfaz actual.” Se generó evidencia mediante archivo de diagnóstico y captura de la interfaz. El bloqueo impide validar los tres escenarios del caso de prueba.",
9,INC-M09-22-G126-01,Es posible asociar un sensor de un dispositivo instalado en un área de la Finca A (id_infraestructura=3) a un área productiva de la Finca B (id_infraestructura=4) modificando directamente id_infraestructura en el payload de POST /configuracion/sensores/{id}/asociar. El backend responde HTTP 201 y crea la asociación cruzada en lugar de rechazarla (403/404/422). AsociarSensorAreaUseCase.execute() solo valida que el área exista y esté activa; nunca compara la finca del área contra la finca del dispositivo/sensor. Se rompe el aislamiento entre fincas (tenants): quedan objetos de fincas distintas mezclados en una misma asociación.,RF-22,SEGURIDAD — OWASP API1,Desarrollo,Alto,1 día,2026-09-05,2026-09-06,Abierto,,"Reporte pytest-html: reporte-TC-M09-G126.html (generado 05/09/2026 11:10:08, pytest-html v4.2.0, pytest 9.0.3, Python 3.12.3). Test: tests/Test_Testing/Test_Modulo9/RF-22/TC-M09-G126/test_tc_m09_g126_bola_asociaciones_sensores.py::TestTCM09G126BolaAsociacionesSensores::test_escenario1_tc_m09_247_idor_asociar_sensor_a_area_de_otra_finca (línea 203), escenario TC-M09-247. Aserción fallida: assert 201 in (403, 404, 422). Respuesta: {""id_sensores_area_asociada"":33,""id_sensor"":34,""id_dispositivo_iot"":105,""id_infraestructura"":4,""punto_instalacion"":""Ataque IDOR - sensor de Finca A asociado a area de Finca B - TC-M09-G126"",""tiene_estado"":true,""fecha_asociacion"":""2026-09-05T16:09:56.003571Z"",""fecha_finalizacion"":null,""id_usuario"":1}. Datos: dispositivo id=105 (área Finca A, id=3), sensor id=34, área destino Finca B id=4. Archivo señalado: src/configuration/application/use_cases/sensores/asociar_sensor_area_use_case.py. Nota de alcance: la prueba se ejecutó con Admin por ser el único rol disponible con permiso de creación, pero el chequeo está ausente en el código para todos los roles — no es un privilegio legítimo de Admin. Escenario 2 del mismo TC (TC-M09-248, mass assignment) pasó: Pydantic descarta en silencio campos no documentados (id_usuario_propietario, id_sensores_area_asociada) e id_usuario siempre se toma del JWT, nunca del body.",
9,INC-M09-22-G126-02,"Un usuario con rol Productor sin relación con ninguna finca puede consultar el historial completo de asociaciones de un sensor perteneciente a una finca totalmente ajena, cambiando el ID en la URL de GET /configuracion/sensores/{id}/asociaciones. El backend responde HTTP 200 con los datos completos en lugar de 403/404. ConsultarAsociacionesUseCase.listar_por_sensor() ni siquiera recibe el usuario autenticado como parámetro, por lo que no existe manera de filtrar por finca: cualquier rol con permiso R=2 sobre sensores (incluido Productor) puede leer el historial de cualquier sensor del sistema.",RF-22,SEGURIDAD — OWASP API1,Desarrollo,Crítico,1 día,2026-09-05,2026-09-06,Abierto,,"Reporte pytest-html: reporte-TC-M09-G126.html (generado 05/09/2026 11:10:08). Test: ...::test_escenario3_tc_m09_249_idor_consultar_asociacion_de_otra_finca (línea 293), escenario TC-M09-249. Aserción fallida: assert 200 in (403, 404). Respuesta obtenida con el token del Productor: {""total"":1,""items"":[{""id_sensores_area_asociada"":35,""id_sensor"":36,""id_dispositivo_iot"":107,""id_infraestructura"":4,""punto_instalacion"":""Asociacion de la Finca B a proteger - TC-M09-G126"",""tiene_estado"":true,""fecha_asociacion"":""2026-09-05T16:10:03.987819Z"",""fecha_finalizacion"":null,""id_usuario"":1}]}. Datos: sensor id=36, dispositivo id=107, área Finca B id=4; atacante = Productor (sub=58, rol=2). Se confirmó previamente que ese Productor no es dueño de ninguna finca: GET /configuracion/fincas con su token devuelve total:0. Archivo señalado: src/configuration/application/use_cases/sensores/asociar_sensor_area_use_case.py, método ConsultarAsociacionesUseCase.listar_por_sensor().",
9,INC-M09-22-G64,"Al reasignar un sensor con asociación activa a otra área productiva activa enviando confirmar: true (POST /api-sgpmp-test/configuracion/sensores/{id}/asociar), el backend responde 500 Internal Server Error con error_code: ERROR_INTERNO. No se crea la nueva asociación ni se confirma el cierre de la anterior. El camino de creación inicial (primera asociación, sin reasignación) sí funciona correctamente (HTTP 201), por lo que el defecto está aislado en el bloque de reasignación. Reproducible al 100% en 2 corridas independientes variando sensor, dispositivo y áreas. Sin workaround posible: el flujo roto es exactamente el comportamiento que exige el RF-22 (cierre de la asociación anterior + apertura de la nueva, una sola activa en todo momento).",RF-22,Funcional/Lógica,Desarrollo + DBA,Crítico,1 día,2026-09-05,2026-09-06,Abierto,,"Aserción fallida: ""TC-M09-G64: la reasignacion confirmada responde HTTP 201 (nueva asociacion creada)"" → expected response to have status code 201 but got 500. Run: 7 peticiones, 9 aserciones, 1 fallida; todas las precondiciones OK. Datos de prueba: sensor id_sensores=30, dispositivo IoT id=48 (serial TC-M09-G64-1788613021488), área origen id_infraestructura=3 (Alevinera-01), área destino id_infraestructura=1 (Estanque-01), finca_id=1. X-Request-Id de la petición fallida: e3533a29-cff0-492d-8aa4-58dbefb6c787. Archivos señalados: src/configuration/application/use_cases/sensores/asociar_sensor_area_use_case.py; Verificar con GET al historial del sensor 30 si el UPDATE de cierre alcanzó a aplicarse antes del fallo; de ser así el sensor quedaría con cero asociaciones activas (inconsistencia de datos que agravaría el hallazgo).",
9,INC-M09-22-g85,"Durante la ejecución del caso TC-M09-G85 – Registro exitoso de identidad visual con datos válidos, no fue posible completar el flujo funcional porque la interfaz actual no presenta la opción Identidad Visual dentro del módulo de Configuración. El usuario autenticado puede acceder correctamente al sistema y al módulo de Configuración, pero la funcionalidad requerida para registrar la identidad visual no se encuentra disponible, impidiendo ejecutar el escenario TC-M09-160.",RF-26,ESTADO — Estado / Precondición. La ejecución requiere que la funcionalidad de configuración de identidad visual se encuentre disponible en la interfaz.,Desarrollo,Severo,1 día hábil,2026-09-06,2026-09-07,Abierto,—,"Ejecución mediante Cypress de TC-M09-G85. Login y acceso a Configuración exitosos; sin embargo, no se encontró la opción Identidad Visual en la interfaz. Se generó evidencia de diagnóstico. La ausencia de esta funcionalidad impide validar el registro y almacenamiento de la identidad visual desde el frontend.",
9,INC-M09-23-G10,"El catálogo de especies no ofrece mecanismo de búsqueda por nombre ni controles de paginación en la interfaz. La ficha original (TC-M09-20) exige explícitamente verificar ""búsqueda y paginación del catálogo por nombre"" como criterio de aceptación de CU-01. La vista se renderiza como una lista plana completa, sin campo de búsqueda ni navegación entre páginas.",RF-15,Funcional — funcionalidad no implementada,Desarrollo,Medio,2 días,2026-09-05,2026-09-07,Cerrado,2026-09-11,Reporte Cypress: testing/test_testing/Modulo9/RF-15/TC-M09-G10/RESULTADOS/TC-M09-G10/TC-M09-G10_resultado.md. Autenticación admin y carga del catálogo (7 especies) confirmadas exitosas. Inspección tolerante a fallos (sin asumir selectores específicos) confirmó ausencia de campo de búsqueda por nombre y ausencia de controles de paginación en la vista de Catálogo de Especies.,Sebastian
9,INC-M09-23-g88,"Durante la ejecución del caso TC-M09-G88 – Aplicación inmediata de la identidad visual sin cerrar sesión, no fue posible realizar el cambio de identidad visual ni comprobar su aplicación dinámica debido a que la interfaz actual no dispone de la funcionalidad Identidad Visual necesaria para realizar la modificación. Por esta razón no puede validarse la aplicación de los cambios manteniendo la sesión activa.",RF-26,ESTADO — Estado / Precondición. El caso requiere que la configuración de identidad visual esté disponible y pueda modificarse desde la interfaz.,Desarrollo,Severo,1 día hábil,2026-09-06,2026-09-07,Abierto,—,"Ejecución mediante Cypress de TC-M09-G88. El acceso al sistema y a Configuración fue exitoso, pero no se encontró la funcionalidad de Identidad Visual. El caso quedó bloqueado al no poder modificar logo/colores ni verificar su aplicación sin cerrar sesión. Relacionado con INC-M09-22-g85, debido a la misma ausencia de funcionalidad en frontend.",
9,INC-M09-25-G19,"El módulo de Ciclos Biológicos (Configuración de Parámetros por Especie) presenta el mismo patrón que INC-M09-24-G07: escritura estrictamente online (disabled={!online} en ""Nuevo ciclo""), sin integración con syncQueue.ts/Dexie. Esto contradice el requerimiento original TC-M09-43, que exige registrar almacenamiento local y sincronización diferida al reconectar.",RF-16,Funcional — funcionalidad no implementada,Desarrollo,Medio,2 días hábiles,2026-09-05,2026-09-07,Cerrado,2026-09-11,"Reporte Cypress: testing/test_testing/Modulo9/RF-16/TC-M09-G19/RESULTADOS/TC-M09-G19/TC-M09-G19_resultado.md. Evidencia de código: useCiclosBiologicos.ts (línea con llamada directa a ciclosApi.registrar()), especiesConfigApi.ts (POST directo a /configuracion/ciclos), CiclosSection.tsx (botón deshabilitado + alerta offline). 4 capturas y video de la ejecución disponibles en RESULTADOS/TC-M09-G19/. Relacionado con INC-M09-24-G07 — mismo patrón arquitectónico, módulo distinto; se recomienda evaluarlos y resolverlos como una sola decisión de arquitectura transversal, no como dos correcciones independientes.",Sebastian
9,INC-M09-26-G23,"En el modal Nuevo umbral ambiental, los campos numéricos de los niveles de alerta se superponen en determinados tamaños de escritorio. El input normal_sup queda cubierto por precaucion_inf, impidiendo interactuar con el primer campo mediante clic estándar.",RF-17,UI_ACCESIBILIDAD — Interfaz / Accesibilidad,Desarrollo,Medio,2 días hábiles,2026-09-05,2026-09-08,Cerrado,,"Reproducido primero en G23 y nuevamente en G24 con Electron 118 y viewport 1920×1400. En el modal de ~560 px las tarjetas desbordan y un input cubre al siguiente. Con ancho PWA 440 px las tarjetas se apilan y la interacción es posible. Evidencia: screenshot de ui52-intento1 y capturas G23/G24. No afecta la validación lógica del backend, pero sí la usabilidad del formulario en ciertos tamaños.",Juan Esteban
9,INC-M09-26-g82,"El backend permite que un usuario con rol Ingeniero de Campo consulte mediante API información de una finca que no tiene asignada. Durante la validación de TC-M09-G82 / TC-M09-157, el usuario ingeniero@pecuaria.co realizó GET /configuracion/fincas/19 sobre la finca 19 – Finca Ajena RBAC nunraqtorm y el servicio respondió HTTP 200, retornando información de la finca. El comportamiento esperado según el caso de prueba es rechazar el acceso con HTTP 403, evitando la exposición de información de recursos no autorizados",RF-25,ESTADO — Estado / Precondición. Falta disponer de una entidad existente en el estado requerido para ejecutar la prueba de autorización.,Desarrollo,severo,1 días hábiles,2026-09-06,2026-09-07,Abierto,—,"Newman: GET /configuracion/fincas/19 respondió HTTP 200 cuando se esperaba 403. La finca 19 corresponde a “Finca Ajena RBAC nunraqtorm”. Cypress ejecutó TC-M09-G82 correctamente (1 passing, 0 failing) y evidenció que el usuario Ingeniero no tiene una unidad productiva asignada en la interfaz.",
9,INC-M09-26-g86,"Al ejecutar el caso TC-M09-G86-161, correspondiente a la creación de una identidad visual con un logotipo PNG válido, el endpoint POST /configuracion/identidad-visual responde HTTP 500 Internal Server Error (ERROR_INTERNO). La solicitud contiene una finca válida (84), colores hexadecimales válidos, nombre de organización válido y un archivo PNG real de aproximadamente 1.47 MB, inferior al límite máximo especificado de 2 MB. La respuesta no proporciona información específica sobre la causa del error. Debido a que la identidad visual no se crea, las validaciones posteriores que requieren una identidad existente no pueden ejecutarse correctamente.",RF-26,ESTADO — Estado / Precondición. La entidad utilizada para la prueba ya posee una configuración y no se encuentra en el estado inicial requerido para ejecutar las validaciones de creación.,Desarrollo,severo,1 días hábiles,2026-09-06,2026-09-07,Abierto,—,"Al ejecutar el caso TC-M09-G86-161, correspondiente a la creación de una identidad visual con un logotipo PNG válido, el endpoint POST /configuracion/identidad-visual responde HTTP 500 Internal Server Error (ERROR_INTERNO). La solicitud contiene una finca válida (84), colores hexadecimales válidos, nombre de organización válido y un archivo PNG real de aproximadamente 1.47 MB, inferior al límite máximo especificado de 2 MB. La respuesta no proporciona información específica sobre la causa del error. Debido a que la identidad visual no se crea, las validaciones posteriores que requieren una identidad existente no pueden ejecutarse correctamente.",
9,INC-M09-26-g91,"Para completar el caso TC-M09-G91 – Jerarquía de resolución del tema, se requieren estados de datos que permitan ejecutar los escenarios en los que no existe una preferencia individual y en los que no existe configuración individual ni global. Actualmente se pudo comprobar correctamente la prioridad de la preferencia personal sobre la configuración global, pero no se dispone de un usuario/configuración de prueba controlado para ejecutar los dos niveles restantes sin modificar datos que puedan afectar otras pruebas.",RF-27,ESTADO — Estado / Precondición. Se requieren entidades y configuraciones en estados específicos para validar la jerarquía completa de resolución.,DBA / Datos de prueba,Medio,2 días hábiles,2026-09-06,2026-09-08,Abierto,,"En TC-M09-G91 se comprobó que una preferencia personal theme_mode=2 tiene prioridad sobre una configuración global theme_mode=1, obteniendo fuente=personal. Quedan pendientes los escenarios sin preferencia personal → aplicar global y sin preferencia personal ni global → aplicar Claro por defecto. Se requiere preparar usuarios/estados de datos adecuados para completar la prueba.",
9,INC-M09-27-G24,"Al intentar registrar una configuración válida y continua de niveles de alerta mediante POST /configuracion/umbrales, el backend responde HTTP 500 Internal Server Error con error_code: ERROR_INTERNO y mensaje ""Error inesperado en base de datos"", en lugar de 201 Created. La configuración utiliza una especie activa, variable activa, combinación libre, rango ambiental válido y tres niveles continuos, sin huecos ni solapamientos. El registro no se persiste.",RF-17,INFRAESTRUC — fallo de BD al persistir,Desarrollo,Severo,1 día hábil,2026-09-05,2026-09-07,Cerrado,,"TC-M09-54. Especie: Cachama Blanca, ID 4. Variable: Temperatura Ambiental, ID 9. Rango: -20 a 70. Niveles: normal -20 a 10, precaución 10 a 40, crítico 40 a 70. Intento 1 y único reintento: ambos HTTP 500. GET posterior respondió 200 y confirmó 0 registros para la combinación. Evidencia: newman-TC-M09-54-intento1.html/.json, newman-TC-M09-54-intento2.html/.json, datos-TC-M09-54-intento1.json, datos-TC-M09-54-intento2.json y TC-M09-54-sin-persistencia.png.",Juan Esteban
9,INC-M09-28-G28,"Al crear un umbral ambiental válido mediante POST /configuracion/umbrales para la especie 10 (Tilapia) y la variable 1 (Temperatura del agua), con valor_min=35.50, valor_max=39.20 y tres niveles contiguos dentro del rango físico permitido, el backend responde HTTP 500 con error_code ERROR_INTERNO y mensaje ""Error inesperado en base de datos"", en lugar de HTTP 201. No se genera ID y el GET posterior confirma que no se persistió ningún umbral. El comportamiento se reprodujo en 2 de 2 intentos.",RF-17,Funcional/Lógica — creación y persistencia,Desarrollo,Severo,1 día hábil,2026-09-06,2026-09-07,Cerrado,,"TC-M09-60 — DESAPROBADO — DEFECTO DEL PRODUCTO. Esperado: HTTP 201, ID positivo y persistencia de los valores enviados. Obtenido: HTTP 500, ERROR_INTERNO, ""Error inesperado en base de datos"", sin ID. Reproducibilidad: 2/2 intentos, POST a las 2026-09-06T01:00:05.735Z y 2026-09-06T01:02:16.438Z. Persistencia: ninguna; GET posterior HTTP 200 mantuvo 0 umbrales para la especie 10 después de cada intento. Evidencias: pytest-TC-M09-60-intento1.log, pytest-TC-M09-60-intento1.xml, pytest-TC-M09-60-intento2.log, pytest-TC-M09-60-intento2.xml, TC-M09-60-evidencia-intento2.json y estado-registro.json. Causa raíz no confirmada por QA. PostgreSQL no fue consultado por ausencia de credencial, pero no existía registro creado que verificar.",Juan Esteban
9,INC-M09-29-G29,"No fue posible ejecutar TC-M09-62 ni TC-M09-63 porque el ambiente TEST no dispone de la infraestructura MQTT/Edge necesaria para establecer y observar una cadena real Servidor → MQTT → Edge. No existe broker MQTT TEST configurado/documentado, credencial de proceso, Edge real observable con mecanismo de ACK/aplicación, cliente MQTT aprobado disponible ni un mecanismo QA seguro y autorizado para inducir un Edge offline. Como consecuencia, ambos casos quedaron bloqueados antes de cualquier POST/PATCH y se realizaron 0/2 intentos de escritura.",RF-17,INFRAESTRUC — Infraestructura / Sistema Externo TEST,AIoT e Implementación,Crítico,Mismo día (máximo 4 horas),2026-09-05,2026-09-05,Cerrado,,"Casos afectados: TC-M09-62 y TC-M09-63. TC-M09-62: BLOCKED — MQTT_TEST_INFRASTRUCTURE_NOT_AVAILABLE, con MQTT_CLIENT_MISSING como bloqueo adicional. TC-M09-63: BLOCKED — NO EXISTE MECANISMO SEGURO/AUTORIZADO PARA INDUCIR EDGE OFFLINE. La API TEST sí estaba disponible: /health y /openapi.json respondieron HTTP 200. No se ejecutó ninguna operación mutante ni se simuló MQTT/Edge. Acción requerida: AIoT e Implementación deben provisionar y documentar broker TEST, identidad/conectividad del Edge, mecanismo observable de ACK/aplicación, cliente MQTT aprobado y un mecanismo QA seguro, reversible y autorizado para disponer de un Edge offline. Evidencia: viabilidad-mqtt-edge.json y TC-M09-G29_resultado.md.",Juan Esteban
9,INC-M09-29-g83,"Durante la preparación del caso TC-M09-G83 – Manejo de rol inexistente durante la carga de interfaz, se identificó que el escenario definido requiere un JWT con un rol inexistente. Sin embargo, la implementación actual de autenticación obtiene el rol efectivo del usuario desde la base de datos para determinar la autorización, por lo que modificar únicamente el claim rol del JWT no permite reproducir el escenario definido en el caso. Se requiere definir un mecanismo controlado para generar o simular esta condición y poder ejecutar la prueba.",|1w,FLUJO — Flujo / Proceso. El escenario de prueba requiere una condición específica del proceso de autenticación/autorización que actualmente no puede reproducirse mediante el mecanismo utilizado.,desarrollo,Medio,2 días hábiles,2026-09-06,2026-09-08,Abierto,—,"Durante la revisión del backend se verificó que el JWT contiene el claim rol, pero la autorización obtiene el rol actual del usuario desde BD. El intento de alterar únicamente el claim no reproduce un rol inexistente. Se solicita definir un mecanismo/fixture de prueba para ejecutar de forma controlada TC-M09-158. No se considera aún un defecto funcional del RBAC.",
9,INC-M09-30-G30,"La auditoría de creación y modificación de umbrales ambientales de RF-17 se persiste internamente en modulo9.auditorias_umbrales_ambientales, pero no existe una API que permita consultar y correlacionar esos registros mediante id_umbral_ambiental. GET /auditoria/ expone eventos generales pero no incluye el ID del umbral ni un recurso/filtro equivalente, y el catálogo de D09 no contiene un tipo de evento asociado a umbrales. Como consecuencia, TC-M09-64 no puede verificar mediante API el usuario, fecha/hora, operación CREATE/UPDATE y valores registrados, quedando bloqueado antes de ejecutar sus escrituras funcionales.",RF-17,Funcional — endpoint faltante / Auditoría – OWASP A09,Desarrollo Backend — Configuration/RF-17 y Auditoría/D09,Medio,2 días hábiles,2026-09-05,2026-09-08,Cerrado,,"TC-M09-64 — BLOCKED — AUDITORÍA NO EXPUESTA/NO VERIFICABLE EN TEST. Esperado: disponer de una API D09 o RF-17 capaz de recuperar la auditoría asociada al umbral creado/modificado e identificar actor, fecha/hora, operación y valores. Obtenido: D09 no expone id_umbral_ambiental, filtro equivalente ni tipo de evento de umbral; RF-17 registra CREATE/UPDATE mediante SqlAlchemyAuditoriaUmbralRepository pero dicha fuente no está integrada con GET /auditoria/ ni dispone de endpoint propio. Escrituras funcionales: POST 0/2, PATCH 0/2. No se utilizó PostgreSQL como sustituto porque el caso exige evidencia consultable mediante API. API, identidad y D09 estaban disponibles, por lo que no se clasifica como problema de entorno. Evidencia principal: contrato-auditoria.json. Evidencia complementaria: TC-M09-G30_resultado.md y git-final.json.",Juan Esteban
9,INC-M09-30-G94,"Durante la ejecución del caso TC-M09-G94, se verificó mediante Cypress + axe la accesibilidad relacionada con el contraste mínimo establecido por WCAG 2.1 AA (4.5:1). La validación TC-M09-178 no presentó violaciones de contraste en la interfaz evaluada.

Sin embargo, al ejecutar TC-M09-179, no se identificó en la interfaz un mecanismo que aplique automáticamente una variante de tema cuando una combinación de colores presenta contraste insuficiente.

Resultado esperado:
Cuando una combinación de colores del tema presente un contraste inferior a 4.5:1, el sistema debe detectar la condición y aplicar automáticamente una variante que garantice una interfaz legible y cumpla con el criterio de accesibilidad establecido.

Resultado obtenido:
No se identificó ninguna variante automática de contraste ni un mecanismo visible que modifique el tema ante una condición de contraste insuficiente. La prueba quedó bloqueada en TC-M09-179.",RF-27,ACCESIBILIDAD,desarrollo,Medio,2 días hábiles,2026-09-06,2026-09-08,Abierto,—,G94: TC-M09-178 pasó sin violaciones de contraste detectadas mediante Cypress + axe. TC-M09-179 quedó bloqueado porque no se identificó la variante automática de contraste. Evidencia: TC-M09-G94/Resultados/mochawesome.html y captura generada por Cypress.,
9,INC-M09-31-G22,"La creación de configuraciones ambientales válidas mediante POST /configuracion/umbrales devuelve HTTP 500 ERROR_INTERNO con mensaje ""Error inesperado en base de datos"" y no persiste ningún registro. El defecto se reprodujo en TC-M09-46, TC-M09-47, TC-M09-48 y TC-M09-49 utilizando variables y rangos válidos diferentes. Los 8 POST ejecutados devolvieron HTTP 500, sin id_umbral_ambiental y sin persistencia.",RF-17,INFRAESTRUC — fallo de persistencia / error de base de datos reportado por backend,Desarrollo,Severo,1 día hábil,2026-09-06,2026-09-07,Cerrado,,"Casos afectados: TC-M09-46, TC-M09-47, TC-M09-48 y TC-M09-49. Esperado: HTTP 201, ID positivo, asociación correcta, conservación de valores/niveles y registro presente una vez en GET posterior. Obtenido: HTTP 500, ERROR_INTERNO, ""Error inesperado en base de datos"", sin ID. Reproducibilidad: 8/8 intentos, exactamente 2 por cada original. TC46: Cachama Blanca + Temperatura Ambiental, -5.00–55.00 °C. TC47: Temperatura Ambiental, 35.50–39.20 °C. TC48: Humedad Relativa, 30.00–70.00 %. TC49: pH del agua, 6.50–8.00. Todas las combinaciones estaban libres antes del POST; especie y variables activas; rangos dentro de límites físicos; tres niveles contiguos, sin solapamiento y cubriendo el rango padre. Persistencia: ninguna; GET posterior HTTP 200 mantuvo únicamente IDs preexistentes [10,11]. Evidencias: newman/newman-TC-M09-46-intento1.html, newman/newman-TC-M09-46-intento2.html, newman/newman-TC-M09-47-intento1.html, newman/newman-TC-M09-47-intento2.html, newman/newman-TC-M09-48-intento1.html, newman/newman-TC-M09-48-intento2.html, newman/newman-TC-M09-49-intento1.html, newman/newman-TC-M09-49-intento2.html, sus ocho JSON sanitizados, capturas Cypress de los cuatro recorridos, seguridad-evidencias.json, git-final.json y TC-M09-G22_resultado.md. Cypress emitió 0 POST y confirmó visualmente la ausencia de los registros. Causa raíz no confirmada por QA.",Juan Esteban
9,INC-M09-31-G95,"No se encuentra implementado un mecanismo de personalización del dashboard mediante widgets válidos. El caso TC-M09-180 requiere una grilla 4×3 y permite organizar widgets mediante interacción de colocación/arrastre, pero la interfaz actual no expone widgets personalizables ni elementos",RF-28,FUNCIONALIDAD,Desarrollo,Media,2 días hábiles,2026-09-07,2026-09-09,Abierto,—,Cypress ejecutó TC-M09-G95 sobre el dashboard real. Se identificó la ruta,
9,INC-M09-32-G06,"Al enviar PATCH /configuracion/especies/{id} con datos válidos, el backend responde 500 Internal Server Error en vez de 200 OK. Mismo defecto de fondo que INC-M09-02-G02 (falta la variable de sesión app.usuario_id que exige el trigger modulo9.trg_fn_especies_audit), ahora confirmado también sobre la operación de EDICIÓN, no solo creación. Reproducido con la especie Cachama Blanca (id=4), distinta a la usada en el hallazgo original.",RF-15,INFRAESTRUC,Desarrollo - BD,Severo,1 dia habil,2026-09-07,2026-09-08,Cerrado,2026-09-11,"Reproducido en tests/integration/test_rf15_concurrencia_especie_cachama_integration.py durante TC-M09-G06 (concurrencia optimista). Se confirmó por inspección de código que SqlAlchemyEspecieRepository.actualizar() no setea app.usuario_id antes del flush(), a diferencia de biological_assets que sí lo hace (SET LOCAL app.usuario_id).",Sebastian
9,INC-M09-32-G31,"TC-M09-66, TC-M09-67 y TC-M09-68 no pueden ejecutarse porque el ambiente TEST no dispone de una combinación vigente y verificable especie–activo–dispositivo–sensor–variable que permita construir de forma segura una ingesta asociada a una configuración RF-17 activa. Adicionalmente, el usuario Administrador TEST utilizado en la ejecución no tiene una unidad productiva asignada y la interfaz no habilita el monitoreo funcional. Existen 10 configuraciones de umbral activas y dispositivos/sensores activos, pero las APIs disponibles no permiten demostrar la relación actual sensor–variable ni sensor–activo–especie. No se ejecutó ningún POST funcional de telemetría para evitar asumir asociaciones o fabricar evidencia.",RF-17,INFRAESTRUC — precondición TEST,Implementación (principal) + AIoT (complementario),Crítico,Mismo día (máximo 4 horas),2026-09-06,2026-09-06,Cerrado,,"Casos afectados: TC-M09-66, TC-M09-67 y TC-M09-68. Resultado: BLOCKED. Umbrales RF-17: 10 configuraciones activas completas. Dashboard API: HTTP 200, cinco sensores, todos GRIS. Se verificaron 50 dispositivos activos y sensores históricos activos. Relación sensor–variable: no demostrable. Relación sensor–activo–especie: no demostrable. La única especie recuperada en lecturas históricas con activo/especie fue Tilapia Roja, sin umbral RF-17 activo descubierto; otros sensores no incluyen activo/especie. El listado de sensores no expone variable ambiental y el listado de vinculaciones no expone sensor. No existe configuración de conexión TEST aprobada para corroboración read-only por BD. POST /iot/telemetria: TC66 0/2, TC67 0/2, TC68 0/2. La interfaz autenticó al Administrador, pero informó que no tiene unidad productiva asignada. Acción: Implementación debe proporcionar usuario TEST asociado a unidad productiva y mecanismo read-only de consulta de relaciones; AIoT debe disponibilizar y validar una combinación vigente dispositivo–sensor–activo–especie–variable con canal controlado de ingesta. Evidencias: investigacion-correlacion.json, correccion-automatizacion.md, newman-TC-M09-66-intento2.json, newman-TC-M09-67-intento2.json, newman-TC-M09-68-intento2.json, HTML correspondientes en newman/, evidencia-cypress.md, screenshots/ y TC-M09-G31_resultado.md. El error de campos del primer discovery fue corregido en QA y no constituye incidencia.",Juan Esteban
9,INC-M09-33-G32,"TC-M09-69 no puede verificar que una modificación de umbral RF-17 actualice efectivamente la configuración utilizada por Monitoreo porque las APIs disponibles no ofrecen un mecanismo correlacionable entre el umbral configurado y el contexto monitorizado. GET /iot/monitoreo/dashboard y GET /iot/monitoreo/historial responden correctamente, pero no exponen id_umbral_ambiental, rango efectivo, versión de configuración ni información suficiente de especie/activo para asociar inequívocamente una configuración RF-17 con un sensor monitorizado. Debido a la ausencia de un oráculo válido no se ejecutó PATCH /configuracion/umbrales/{id} y la prueba quedó BLOCKED.",RF-17,No aplica — bloqueo de observabilidad e integración,Desarrollo Backend,Medio,2 días hábiles,2026-09-06,2026-09-08,Cerrado,,"TC-M09-69 — BLOCKED. Esperado: demostrar CONFIG_BEFORE → modificación → CONFIG_AFTER → Monitoreo utiliza CONFIG_AFTER. Discovery: umbral 11, Cachama Blanca, variable 3 Oxígeno disuelto, valor_min 0.00, valor_max 100.00, Normal 4.00–12.00, Precaución 2.00–4.00, Crítico 0.00–2.00. Monitoreo BEFORE: Dashboard e Historial HTTP 200, pero sin referencia de umbral/rango correlacionable; las cinco lecturas recientes de Historial devolvieron especie/activo nulos. Modificaciones funcionales: 0/2. Newman: 5 assertions aprobadas y 0 fallidas. Evidencias: investigacion-contrato.json, newman-TC-M09-69-intento1.json, newman/newman-TC-M09-69-intento1.html, TC-M09-G32_resultado.md. Acción: Desarrollo debe exponer el umbral/rango efectivo utilizado o una respuesta correlacionable especie–activo–sensor–variable–resultado. No constituye todavía un defecto funcional confirmado.",Juan Esteban
9,INC-M09-33-G96,"El endpoint PATCH /configuracion/personalizacion/dashboard retorna HTTP 500 – ERROR_INTERNO al intentar guardar la configuración del dashboard. El error ocurre tanto con configuraciones válidas como con configuraciones que deberían ser rechazadas por las reglas de límite, solapamiento y span de la grilla.",RF-28,FUNCIONALIDAD / BACKEND,Desarrollo,Severo,2 días hábiles,2026-09-08,2026-09-10,Cerrado,—,Newman TC-M09-G96. Login HTTP 200 y catálogo de widgets HTTP 200. Los cinco PATCH posteriores retornan HTTP 500 con ERROR_INTERNO. G96-181 y G96-182 deberían aceptar la configuración (200/204); G96-183 debería retornar 400; G96-184 debería retornar 409; G96-185 debería retornar 400.,
9,INC-M09-34-G77,"TC-M09-148 no puede ejecutar la validación RBAC negativa porque el ambiente TEST no dispone de un usuario activo con rol no autorizado para calibrar sensores. El actor preferido Productor y la alternativa Contador responden HTTP 403 durante el login por cuenta desactivada, por lo que no es posible obtener una sesión válida y posteriormente ejecutar POST /configuracion/sensores/{id_sensor}/calibrar para comprobar el 403 de autorización esperado. No se demuestra un defecto del producto; el bloqueo corresponde a disponibilidad de datos/usuarios del ambiente TEST.",RF-24,INFRAESTRUC — Infraestructura / Sistema Externo TEST,DBA,Medio,2 días hábiles,2026-09-06,2026-09-08,Cerrado,,"Caso afectado: TC-M09-148 — Seguridad OWASP A01 / API-RBAC, CU-05. Esperado para la prueba funcional: usuario autenticado con rol Productor o Contador, sin permiso sensores:crear, ejecuta POST de calibración y recibe HTTP 403 Forbidden. Obtenido: Productor → login HTTP 403 por cuenta desactivada; Contador → login HTTP 403 por cuenta desactivada. POST de calibración: 0/2; no se consumieron intentos. Persistencia BEFORE/AFTER del sensor 3: historial 2→2, IDs [9,3]→[9,3], sin nueva calibración. Se reintentó posteriormente la precondición con la credencial TEST suministrada y ambos actores continuaron desactivados. Acción requerida: DBA debe habilitar una cuenta TEST existente con rol Productor o Contador, manteniendo el rol no autorizado y sin otorgar permiso sensores:crear. Evidencia: precheck-rbac.json y RESULTADOS/run-20260906-003326/TC-M09-G77_resultado.md.",Juan Esteban
9,INC-M09-34-G97,"El endpoint POST /configuracion/personalizacion/dashboard/restaurar retorna HTTP 500 – ERROR_INTERNO al intentar restaurar el dashboard a la configuración predeterminada. Posteriormente, GET /configuracion/personalizacion/dashboard también retorna HTTP 500 – ERROR_INTERNO, impidiendo verificar el estado restaurado y la persistencia de la configuración. El login funciona correctamente.",RF-28,FUNCIONALIDAD / BACKEND,Desarrollo,Severo,2 días hábiles,2026-09-08,2026-09-10,Cerrado,—,Cypress ejecutó G97. Login: 200 OK. Restauración: 500. Consulta posterior: 500. Respuesta: ERROR_INTERNO. La validación de TC-M09-186 queda bloqueada y TC-M09-188 no puede validarse correctamente. Evidencia: TC-M09-G97_resultado.txt y screenshot de Cypress.,
9,INC-M09-35-G99,"La interfaz no dispone de un mecanismo para cambiar el idioma entre los locales es-CO y en-US, por lo que no es posible realizar el cambio de idioma solicitado ni verificar su aplicación inmediata sin recargar la sesión.",RF-29,FUNCIONALIDAD / USABILIDAD,Desarrollo,Media,2 días hábiles,2026-09-08,2026-09-10,Abierto,—,"La interfaz actualmente se presenta en español, pero no se identifica selector, botón o control para cambiar el idioma. La búsqueda del frontend no encontró implementación de i18n, locale, es-CO, en-US ni dependencias de internacionalización en package.json. TC-M09-189, TC-M09-190 y TC-M09-191 quedan bloqueados. Evidencia visual de la interfaz y evidencia de ejecución Cypress de TC-M09-G99.",
9,INC-M09-36-G103,"El cambio de idioma de es-CO a en-US se realiza correctamente, pero no se identifica un registro de auditoría asociado a la operación de cambio de idioma. La consulta de auditoría responde HTTP 200, pero los eventos retornados no contienen un evento relacionado con idioma, locale o en-US.",RF-29,FUNCIONALIDAD / USABILIDAD,Desarrollo,Media,2 días hábiles,2026-09-08,2026-09-10,Abierto,—,Newman: cambio es-CO → en-US HTTP 200. Consulta /auditoria/ HTTP 200. No se encontró evento de auditoría relacionado con el cambio de idioma. TC-M09-197 falla en la validación del registro esperado.,
9,INC-M09-54-G07,"El RF-15 (flujo alterno ""Error de sincronización en modo offline"") exige: ""El sistema marca el registro local con error y notifica al usuario en la próxima conexión"" mediante UI: ""Fallo de sincronización. La especie creada en modo offline '[NOMBRE]' ya existe en el servidor. Por favor, resuelva el conflicto manualmente."" La implementación actual incumple esta parte: syncQueue.replay() marca conflicto: true en Dexie correctamente, pero useEspecies no reacciona al cambio de la cola (cargarConflictos() solo se invoca en montaje) y la alerta ""Conflicto de sincronización"" con botón ""Descartar"" nunca se renderiza en ConfigurationPage.tsx. El usuario no recibe notificación ni puede resolver el conflicto, dejando la operación pendiente indefinidamente.                                       Al crear una especie offline con el catálogo paginado (28 especies activas en TEST), la fila optimista con ID temporal negativo y badge ""Pendiente de sincronización"" se anexa al final de la lista (última página), no al inicio. El usuario que acaba de crear la especie no la ve aparecer en la vista actual (página 1). El RNF de Usabilidad del RF-15 menciona que el catálogo debe mostrarse en tabla con paginación y búsqueda — la paginación actual oculta el resultado de la acción del usuario. Aunque el registro se guarda correctamente en Dexie y es recuperable mediante búsqueda, no hay feedback visual inmediato en el viewport donde se ejecutó la acción.",RF-15,FRONT_ESTADO_CLIENTE,Desarrollo,Severo,1 dia habil,2026-09-24,2026-09-25,Cerrado,,"Reevaluación V3 de TC-M09-G07 (testing/test_testing/Modulo9/RF-15/TC-M09-G07/). Backend responde 409 real (Newman: 201/409/200). El fix #115 cubrió escritura offline (CP-2, CP-3 OK) pero no conectó la reactividad entre src/shared/sync/syncQueue.ts (L76-83) y src/configuration/hooks/useEspecies.ts (L31-38). Falta BroadcastChannel, CustomEvent o useSyncExternalStore. Reporte computable: resultados/resultado_TC-M09-G07_reintento2.json.",Sebastian
9,INC-M09-58-G22,"Las altas válidas de configuración de umbrales persisten correctamente en base de datos, pero responden HTTP 500 FALLO_SINCRONIZACION_EDGE en lugar del HTTP 201 definido por el contrato y esperado por G22. En V3 los cuatro casos TC-M09-46..49 crearon correctamente los ids 50–53, con valores, tres niveles, estado activo y estado_sincronizacion=PENDIENTE. El comportamiento se produce porque el flujo de sincronización Edge exige estado APLICADA, mientras que el adaptador vigente devuelve siempre PENDIENTE. Debe definirse y alinear el comportamiento del flujo alterno de sincronización con RF-17 y OpenAPI.",RF-17,FLUJO — Flujo / Proceso de sincronización Edge + desalineación contractual,Desarrollo Backend / IoT,Severo,1 día hábil,2026-09-25,2026-09-28,Cerrado,,Defecto nuevo detectado en V3. Reproducido en 4/4 altas válidas. No corresponde a regresión de INC-M09-31-G22. Relacionado con cambios de INC-M09-104-G29.,juan esteban
9,INC-M09-62-G03,"""Al intentar editar cualquier especie productiva que nunca ha sido modificada antes o recién creada (registros con fecha_actualizacion null en BD, como Equino ID #42 o Bovino ID #39), el sistema bloquea la operación y muestra en UI: 'La especie fue modificada por otro usuario. Recargue los datos e intente de nuevo.' (HTTP 412 CONFLICTO_CONCURRENCIA). Además, al cerrar el modal tras el fallo y abrir cualquier otra especie diferente, la alerta de conflicto sigue apareciendo inmediatamente antes de editar.

Causa Backend/Frontend: El DTO PATCH /configuracion/especies/{id} exige fecha_actualizacion obligatoria (rechaza null con 400 VAL_ENTRADA). Para evitar esto, el frontend (EspeciesModal.tsx) envía un timestamp del cliente (new Date().toISOString()), el cual no coincide con el NULL de la BD y dispara el validador de concurrencia optimista (412). Como consecuencia, ninguna especie nueva puede editarse por primera vez. Las especies previamente editadas sí permiten ediciones consecutivas. Adicionalmente, en ConfigurationPage.tsx la función cerrar() oculta el modal pero no limpia la variable saveError del hook useEspecies(), provocando que el error persista en memoria al abrir otros registros.""",RF-15,HTTP / Comunicacion (HTTP_COM),Desarrollo,severo,1 dias habiles,2026-10-04,2026-10-05,Cerrado,,"Confirmado en el ambiente https://api.inmero.co/back-sigab-test con usuario administrador. De 38 especies analizadas, 9 con fecha_actualizacion null están bloqueadas (IDs 42, 39, 41, etc.), mientras que 29 con fecha válida permiten edición normal y consecutiva (IDs 1, 4, 5). Se comprobó creando la especie de prueba ID #70: nace con null y falla inmediatamente al editar con 412. Corrección requerida en Backend: inicializar fecha_actualizacion = fecha_creacion en POST /configuracion/especies y aceptar null/opcional en PATCH. Corrección requerida en Frontend: limpiar el estado saveError al cerrar el modal en ConfigurationPage.tsx y no enviar timestamps sintéticos. Resultado en: SGPMP-FRONT-END-PWA\testing\test_testing\Modulo9\RF-15\TC-M09-G03\RESULTADOS\DIAGNOSTICO_CONCURRENCIA_Y_ESTADO_UI_2026-10-04.md",Sebastian
9,INC-M09-63-G29,"La propagación de configuraciones de umbrales RF-17 hacia el Nodo Edge continúa sin estar implementada de forma real. Los flujos POST y PATCH de umbrales inyectan EdgeSincronizacionStubAdapter, que devuelve siempre PENDIENTE sin publicar al broker. No existe un adaptador real, destino Edge direccionable, topic de umbrales, contrato de payload, mecanismo de ACK ni timeout. Como consecuencia, ningún umbral puede avanzar funcionalmente hasta APLICADA; en DEV se observaron 10/10 umbrales activos en PENDIENTE, ninguno con fecha_ultima_sincronizacion. La infraestructura AIoT y el canal MQTT general están operativos; el faltante corresponde específicamente a la integración RF-17.",RF-17,FLUJO — Integración / sincronización Edge,Desarrollo Backend / AIoT,Severo,1 día hábil,2025-10-05,2025-10-06,Abierto,,"V4 confirma que el hallazgo persiste. TC-M09-62 RECHAZADO. TC-M09-63 no ejecutado por requerir una ventana controlada con AIoT y, adicionalmente, depende de que primero exista propagación real. No duplicar incidencia.",juan esteban
9,INC-M09-64-G31,"La ingesta de una telemetría válida responde HTTP 201, pero no crea el registro de vinculación lectura → activo. Cuando VincularLecturaActivoUseCase no obtiene activos, intenta registrar una vinculación con modelo_manejo = 'INDIVIDUAL' e id_activo_biologico = NULL; esta combinación viola chk_vinculacion_modelo, la inserción hace rollback y la excepción se descarta como warning. Como consecuencia, no queda siquiera una fila SIN_VINCULAR, por lo que no pueden utilizarse resolver ni corregir; sin activo no se obtiene especie ni umbral RF-17 y el clasificador semafórico no llega a ejecutarse.",RF-17,FLUJO — Vinculación de lectura y precondición de clasificación,Desarrollo Backend,Severo,1 día hábil,2025-10-05,2025-10-06,Abierto,,"V4 confirma que el clasificador RF-17 ya existe y está correctamente conectado. El defecto vigente está antes del clasificador, en la creación de la vinculación. TC-M09-66 bloqueado; TC-M09-67 y TC-M09-68 no ejecutados por regla de parada. Issue asociado #297.",juan esteban
9,INC-M09-64-G54,"La edición de un área productiva (PATCH /configuracion/infraestructuras/{id}) no detecta modificaciones simultáneas. Cuando dos usuarios editan al mismo tiempo la misma área enviando la misma fecha_actualizacion (la que leyeron al abrirla), el sistema acepta las dos ediciones con HTTP 200, en lugar de aceptar una y rechazar la otra con HTTP 412 CONFLICTO_CONCURRENCIA. La segunda edición sobrescribe a la primera sin aviso (actualización perdida): el usuario cuyo cambio se perdió recibió una confirmación de éxito y no se entera de que sus datos no quedaron guardados. Si las ediciones llegan una después de otra, el control sí funciona (la primera recibe 200 y la segunda 412); el fallo aparece solo cuando las dos solicitudes se procesan al mismo tiempo.",RF-20,CONCURRENCIA,Desarrollo,Severo,1 dias habile,2026-10-06,2026-10-07,Abierto,,"Reproducido en el ambiente TEST con el usuario Administrador (admin@pecuaria.co), con una colección Newman de 10 intentos sobre áreas recién creadas en una finca y con una especie propias de la prueba. En cada intento: (1) se lee el área con GET /configuracion/infraestructuras/{id}, que devuelve fecha_actualizacion = null porque el área nunca se editó; (2) se envían en paralelo dos PATCH sobre esa misma área, uno con nombre ""Editada por A n"" y superficie 150.00 y otro con nombre ""Editada por B n"" y superficie 200.00, ambos con fecha_actualizacion: null y la misma especie_id; (3) se vuelve a leer el área. Resultado: en 9 de 10 intentos (áreas 213 a 221) las dos ediciones respondieron 200 y el área quedó con los datos de la última; solo en el intento 1 (área 212) el resultado fue el correcto (200 y 412). El reporte de Newman muestra 61 solicitudes y 57 verificaciones, con 18 fallidas: las dos de cada intento con actualización perdida (""exactamente un 200 y un 412"" y ""no hay actualización perdida""). Se reprodujo también con un script independiente que lanza las dos solicitudes con hilos en paralelo: 3 de 10 y 5 de 10 intentos con actualización perdida. La frecuencia varía según qué tan juntas lleguen las dos solicitudes, pero el defecto apareció en todas las corridas. En la misma corrida, el control en secuencia funcionó: A guarda con la marca null y recibe 200; B guarda con la marca null y recibe 412; A guarda con la marca vigente y recibe 200; B guarda con la marca ya superada y recibe 412. Causa raíz identificada por lectura del código (rama test): la validación es ""leer, comparar y escribir"" sin bloqueo. SqlAlchemyInfraestructuraRepository.obtener_por_id lee el área sin SELECT … FOR UPDATE; EditarInfraestructuraUseCase compara en Python la fecha_actualizacion recibida contra la leída; y SqlAlchemyInfraestructuraRepository.actualizar hace el UPDATE sin condicionarlo a la marca leída. Si dos transacciones leen la misma marca a la vez, las dos pasan la validación y la última sobrescribe a la primera. Fix sugerido: bloquear la fila al leerla para editar (with_for_update() en la consulta del área), o hacer el UPDATE con WHERE id_infraestructura = :id AND fecha_actualizacion IS NOT DISTINCT FROM :marca_leida y responder 412 CONFLICTO_CONCURRENCIA si no actualiza ninguna fila. Detectado durante la reevaluación de TC-M09-G54 (TC-M09-106) por RF-20 v1.1.",Juan Manuel
9,INC-M09-67-G118,"Aplicar una plantilla sobre una especie destino inactiva responde 422 ESPECIE_DESTINO_INACTIVA. El flujo alterno del RF-32 exige 404. Con una especie inexistente sí responde 404, así que la desviación es solo del caso ""inactiva"". Corrida: plantilla 154 sobre la especie inactiva 75.",RF-32,Código HTTP / Validación,Desarrollo,Bajo,3 días hábiles,2026-10-06,2026-10-09,Abierto,,"resultado-g118-v3.0.html, el script y la nota del RF-30 (la creación con especie inactiva tiene la misma desviación).",Daniela Castillo
9,INC-M09-68-G01,"El campo `grupo_manejo`, obligatorio según RF-15 v1.1, no está implementado en ninguna capa del sistema. (1) El formulario ""Nueva especie"" del frontend no expone el control, así que por UI no se puede registrar una especie con su grupo de manejo. (2) El backend de TEST no lo exige ni lo persiste: `POST /configuracion/especies` responde HTTP 201 al recibir el payload con `grupo_manejo=""AVES""`, pero el campo no vuelve en la respuesta ni aparece en el listado `GET /configuracion/especies?solo_activas=false`. El DTO `RegistrarEspecieDTO`, el modelo ORM `EspecieModel` y las migraciones Alembic recientes no lo declaran; Pydantic lo descarta silenciosamente por `extra=""ignore""`. Sin este dato no se puede garantizar la coherencia data-driven especie ↔ `tipo_modelo_asignado` que RF-20 exige.",RF-15,VAL_ENTRADA,Desarrollo,Severo,1 dia habil,2026-10-06,2026-10-07,Abierto,,"TC-M09-G01-v2.0 (creación): CP-03, CP-07, NW-03 y NW-04 en FALLA. TC-M09-G03-v2.0 (edición): 11 CP, 8 OK, 3 FALLA — CP-07 UI ""control grupo_manejo ausente en formulario de edición""; CP-06/NW-04 API ""campo grupo_manejo ausente en respuesta del catálogo"". TC-M09-G07-v2.0 (sync offline): mismo defecto por la vía de sync. TC-M09-G02-v2.0 (backend, validación de nombre): 20/20 CP OK, sin embargo confirmó por lectura de `registrar_especie_dto.py:L11-L42`, `especie_model.py:L18-L63` y migraciones Alembic recientes que el campo no está declarado. JSON de resultados: `resultados/resultado_TC-M09-G01-v2.0.json`, `resultado_TC-M09-G03-v2.0.json`. Notas de evidencia por caso: `TC-M09-G01-v2.0_reevaluacion.md`, `TC-M09-G03-v2.0_reevaluacion.md`.",Sebastian
9,INC-M09-68-G74-v2.0,"RF-24 v2.0 requiere modo_calibracion como entrada del registro de calibración, incluyendo la modalidad SENSOR, pero el contrato desplegado en TEST (RegistrarCalibracionDTO) no declara dicho campo ni existe enum/esquema de modalidad. El backend acepta modo_calibracion = SENSOR, lo descarta silenciosamente y devuelve 201 sin procesarlo ni reflejarlo en la respuesta. Esto impide distinguir modalidades de calibración y permite enviar valores arbitrarios sin rechazo. Como observación secundaria, el Ingeniero de Campo no visualiza dispositivos en su alcance en TEST (total 0), provocando 404 en consultas de RF-21/RF-22 sobre un dispositivo existente; debe confirmarse si dicho alcance es el esperado.",RF-24 v2.0,HTTP_COM / VAL_ENTRADA — Contrato API y validación de entrada,Desarrollo Backend,Medio,2 días hábiles,2026-10-07,2026-10-09,Abierto,,"C-M09-141-v2.0 permanece APROBADO. La incidencia corresponde a la implementación incompleta de modo_calibracion, no al registro/persistencia básica de la calibración.",Juan Esteban
9,INC-M09-69-G11,"El modal ""Nueva métrica"" del frontend no expone los campos tipo_dato, es_obligatorio, valor_min y valor_max exigidos por RFC-004 para las métricas productivas. Los DTOs RegistrarMetricaDTO y MetricaProduccionResponse no los declaran, y el request body del POST /configuracion/metricas no los envía. El backend en TEST sí implementa y persiste estos cuatro campos (verificado por contrato), por lo que el defecto es exclusivamente de frontend.",RF-16,VAL_ENTRADA,Desarrollo,Severo,1 dia habil,2026-10-06,2026-10-07,Abierto,,"CP-09 FALLA (b): controles tipo_dato/es_obligatorio/valor_min/valor_max ausentes en el DOM del modal (

MetricasSection.tsx
).
CP-12 FALLA (b): request body sin los 4 campos.
NW-06/NW-07/NW-08 OK: POST 201 + GET 200 devolviendo los 4 campos íntegros → backend ya soporta RFC-004.
Observaciones a validar por Producto (separadas del defecto):
1) Longitud máxima del nombre de métrica — la UI aplica 50 (

MetricasSection.tsx:194
) y la especificación menciona 60.
2) Tras el cambio, las métricas creadas antes de RFC-004 no tienen tipo_dato y el RF pide revisión manual; no se probó ese flujo en este caso.",Sebastian
9,INC-M09-69-G75-v2.0,"Los mensajes de error devueltos por el registro de calibraciones no coinciden con los textos establecidos por RF-24 v2.0. En TC-M09-144-v2.0, los valores fuera de rango son rechazados correctamente con HTTP 400 y VALOR_FUERA_DE_RANGO, pero el mensaje omite el prefijo requerido Valor fuera de límites: y agrega información de rango no contemplada en el esperado. En TC-M09-145-v2.0, las entradas """", null y ""abc"" son rechazadas correctamente con HTTP 400 y VALOR_CALIBRACION_INVALIDO, pero el mensaje omite el prefijo Error de formato: y no identifica la entrada rechazada. Las cinco variantes no persisten datos; el defecto se limita al contrato/mensaje de respuesta.",RF-24 v2.0,HTTP_COM — Contrato / Mensajes de respuesta API,Desarrollo Backend,Medio,2 días hábiles,2026-10-07,2026-10-09,Cerrado,,"Incidencia consolidada para TC-M09-144-v2.0 y TC-M09-145-v2.0. TC-142 y TC-143 permanecen APROBADOS. No modificar la lógica de validación de rango/formato, que funciona correctamente.",Juan Esteban
9,INC-M09-70-G29,"El flujo de sincronización RF-17 funciona correctamente, pero presenta limitaciones de observabilidad y diagnóstico: el POST inicial superó el objetivo interno de <1 s; conectada del endpoint de credencial MQTT no representa necesariamente el estado operativo utilizado por RF-17; tiempo_sin_contacto es un valor almacenado y no un transcurrido en tiempo real; la propagación de umbrales no genera trazas consultables en la bitácora IoT, dificultando diagnosticar resultados NO_CONF; y QA no dispone de una vía de lectura de la configuración efectiva almacenada en el Edge para verificar físicamente la conservación del umbral anterior durante una desconexión.",RF-17,INFRAESTRUC — Observabilidad / Diagnóstico de sincronización Edge,Desarrollo,Bajo,3 días hábiles,2026-10-09,2026-10-12,Abierto,,"Enhancement. No afecta la aprobación de G29. La propagación, ACK, estado APLICADA, fallo 500 + PENDIENTE y reaplicación posterior fueron correctos. La incidencia consolida únicamente mejoras de rendimiento, semántica y observabilidad del flujo.",
9,INC-M09-70-G76-v2.0,"Los mensajes de error del registro de calibraciones no coinciden con los textos definidos por RF-24 v2.0. En TC-M09-146-v2.0, el dispositivo inactivo es rechazado correctamente con HTTP 422 y DISPOSITIVO_INACTIVO, pero el mensaje no incluye el prefijo requerido, el serial del dispositivo ni la instrucción de activarlo antes de registrar nuevos parámetros. En TC-M09-147-v2.0, el área no asociada es rechazada correctamente con HTTP 400 y SENSOR_AREA_INVALIDA, pero el mensaje omite el prefijo Conflicto de ubicación:. En ambos casos no existe persistencia ni alteración del historial.",RF-24 v2.0,HTTP_COM — Contrato / Mensajes de respuesta API,Desarrollo Backend,Medio,2 días hábiles,2026-10-07,2026-10-09,Cerrado,,Incidencia consolidada para TC-M09-146-v2.0 y TC-M09-147-v2.0. La lógica de validación y no persistencia es correcta; solo deben alinearse los mensajes con el requisito.,Juan Esteban
9,INC-M09-71-G31,"El frontend TEST presenta dos defectos de renderizado relacionados con la visualización de telemetría. (1) La vista Historial cae en el error boundary cuando existen lecturas porque EstadisticasCards.fmt() intenta ejecutar toFixed(2) sobre valores estadísticos serializados por la API como string, impidiendo renderizar la tabla y el semáforo por medición. (2) En Monitoreo, al filtrar por id_infraestructura, los KPIs se actualizan correctamente pero desaparecen las tarjetas de sensores porque ObtenerDashboardUseCase devuelve resumen_unidades: [], estructura utilizada por MonitoreoView para construir las tarjetas.",RF-17,UI_ACCESIBILIDAD — Interfaz / Renderizado y filtrado de telemetría,Desarrollo,Medio,2 días hábiles,2026-10-09,2026-10-11,Abierto,,"Incidencia consolidada de las OBSERVACIONES 1 y 2 de G31 V5. No afecta la aprobación funcional de TC-M09-66/67/68: la clasificación RF-17 fue verificada correctamente por API y en las vistas disponibles. Evidencias: ui/historial-defecto-frontend.png, ui/monitoreo-dashboard.png, ui/ui-evidence.json.",
9,INC-M09-71-G77-v2.0,"Los roles no autorizados Productor y Contador son rechazados correctamente al intentar registrar una calibración, con HTTP 403 y ACCESO_DENEGADO, sin generar calibraciones ni modificar el historial. Sin embargo, ambos reciben el mensaje genérico Acceso denegado. Su rol no tiene permisos para realizar esta operación. en lugar del mensaje específico definido por RF-24 v2.0, que debe indicar que la calibración de sensores es una función crítica restringida exclusivamente al Ingeniero de Campo o al Administrador.",RF-24 v2.0,HTTP_COM — Contrato / Mensaje de autorización,Desarrollo Backend,Medio,2 días hábiles,2026-10-07,2026-10-09,Cerrado,,Una sola incidencia para Productor y Contador. La autorización y configuración RBAC funcionan correctamente; no modificar permisos ni lógica de control de acceso.,Juan Esteban
9,INC-M09-72-G137,"Una segunda calibración manual VISION sobre el mismo par área/especie no reemplaza la línea base vigente. TC-M09-276 ejecutado por Administrador recibe HTTP 409 RECURSO_DUPLICADO contra la restricción linea_base_vision_id_infraestructura_id_especie. La causa raíz identificada es que la migración de seguridad F5 reconstruyó las políticas RLS del Módulo 9 pero no recreó la política UPDATE de modulo9.lineas_base_vision. Por ello, el SELECT ... FOR UPDATE no puede recuperar la línea vigente, el repositorio interpreta que no existe e intenta insertar una nueva fila, provocando la colisión de unicidad.",RF-24 v2.0,AUTORIZACION — Política RLS / UPDATE de línea base VISION,Desarrollo,Severo,1 día hábil,2026-10-10,2026-10-11,Cerrado,,"Desarrollo debe restaurar mediante migración la política RLS UPDATE correspondiente y verificar los privilegios UPDATE del rol de aplicación. DBA participa en la aplicación/verificación de BD, pero el propietario de la incidencia es Desarrollo. La incidencia anterior de G137 por ausencia de contrato VISION debe cerrarse como corregida.",
9,INC-M09-72-G80-v2.0,"Una calibración SENSOR exitosa se registra y persiste correctamente, pero no genera el evento correspondiente en el historial inmutable RF-10. Durante TC-M09-151-v2.0 se creó id_calibracion = 15 con HTTP 201; posteriormente GET /auditoria/ fue consultado en la ventana temporal real de la operación y no se encontró ningún evento correlacionado con el Ingeniero, sensor, dispositivo y valor de referencia. El catálogo tampoco contiene un tipo de evento para calibración exitosa; únicamente existe CALIBRACION_RECHAZADA. La ausencia del evento impide auditar la operación crítica desde RF-10.",RF-24 v2.0 / RF-10,FLUJO — Auditoría / Trazabilidad,Desarrollo Backend,Severo,1 día hábil,2026-10-07,2026-10-08,Cerrado,,La calibración funcional sí opera correctamente. El defecto está en la integración RF-24 → RF-10 para el camino exitoso. Una sola incidencia; no separar ausencia de evento y ausencia del tipo de evento porque comparten causa raíz.,Juan Esteban
9,INC-M09-73-G130,"Los escenarios de hardware inexistente son rechazados correctamente con HTTP 404 y sin persistencia, pero los mensajes no coinciden con el texto común definido por RF-24 v2.0. En TC-M09-256, DISPOSITIVO_NO_ENCONTRADO devuelve No existe un dispositivo IoT con ID 999999.; en TC-M09-257, SENSOR_NO_ENCONTRADO devuelve No existe un sensor con ID 999999.. RF-24 v2.0 exige en ambos casos el mensaje común Error de referencia: El sensor o dispositivo especificado no existe. No se puede registrar una calibración sobre un hardware inexistente.",RF-24 v2.0,HTTP_COM — Contrato / Mensaje de referencia,Desarrollo Backend,Medio,2 días hábiles,2026-10-07,2026-10-09,Cerrado,,"Una sola incidencia para TC-M09-256 y TC-M09-257. Los HTTP, error_code, detección de inexistencia y no persistencia funcionan correctamente; solo debe alinearse el mensaje.",Juan Esteban
9,INC-M09-73-G139,"Al ejecutar una calibración VISION con exactamente N−1 = 29 observaciones aptas, el sistema identifica sustantivamente que la línea base no puede calcularse, pero falla al persistir la calibración no exitosa. En lugar de responder 422 LINEA_BASE_NO_CALCULADA, devuelve 400 VALOR_NO_PERMITIDO por violación de ck_calibracion_vision_resultado_coherente. Como consecuencia, no se registra la calibración FALLIDA, no se conserva su etapa_fallo = FILTRADO en historial y tampoco se genera el evento RF-10 del intento. La línea base vigente sí permanece intacta.",RF-24 v2.0,FLUJO — Persistencia / Trazabilidad de calibración VISION,Desarrollo,Severo,1 día hábil,2026-10-10,2026-10-11,Abierto,,"Una sola incidencia para HTTP incorrecto + ausencia de historial + ausencia de auditoría, porque comparten causa raíz. Revisar qué valores reales de estado, etapa_fallo y json_linea_base intenta persistir el build TEST en la ruta no EXITOSA. No existe corrupción: baseline N id 8 permanece vigente.",
9,INC-M09-74-G131,"El endpoint de registro de calibraciones permite crear y persistir una calibración sin enviar el campo obligatorio modo_calibracion. En TC-M09-259 se envió un request válido en sensor, dispositivo, área y valor de referencia, omitiendo únicamente modo_calibracion. RF-24 v2.0 exige rechazar esta entrada con algún HTTP 4xx y no persistirla; TEST respondió HTTP 201, generó id_calibracion = 16 y el historial pasó de 6 a 7 registros.",RF-24 v2.0,VAL_ENTRADA — Validación obligatoria / Contrato de entrada,Desarrollo Backend,Severo,1 día hábil,2026-10-07,2026-10-08,Cerrado,,"Relacionada con la incidencia de TC-M09-G74-v2.0, que reporta que modo_calibracion no está declarado/procesado correctamente en el contrato desplegado. G131 no se registra como duplicado: demuestra específicamente que la ausencia completa del campo obligatorio es aceptada con HTTP 201 y produce persistencia indebida. TC-260 (""OTRO"" y """") no fue ejecutado por STOP_ALL y no se reporta como fallido.",Juan Esteban
9,INC-M09-74-G140,"Al ejecutar una calibración VISION cuyo cálculo termina como NO_CONVERGIDA, el sistema no logra persistir correctamente el resultado no exitoso. json_linea_base está mapeado como JSONB con none_as_null=False, por lo que None se almacena como JSON null en lugar de SQL NULL. Esto viola ck_calibracion_vision_resultado_coherente, provoca HTTP 400 VALOR_NO_PERMITIDO en lugar del 422 LINEA_BASE_NO_CALCULADA esperado y evita que la calibración NO_CONVERGIDA, su etapa REFINAMIENTO y su auditoría RF-10 queden registradas. La línea base vigente anterior permanece intacta.",RF-24 v2.0,FLUJO — Persistencia / Trazabilidad de calibración VISION no exitosa,Desarrollo,Severo,1 día hábil,2026-10-10,2026-10-11,Abierto,,"Caso afectado: TC-M09-286. Solución propuesta: mapear json_linea_base con JSONB(none_as_null=True) o persistir explícitamente SQL NULL. Relacionada con G139 por compartir causa raíz, pero se registra como incidencia independiente de G140.",
9,INC-M09-75-G132,"El registro de calibraciones no maneja correctamente valores numéricos no finitos en valor_referencia. Para NaN, RF-24 v2.0 exige HTTP 400 con mensaje de formato inválido, pero TEST responde HTTP 500 con mensaje genérico de error interno. Para Infinity y -Infinity, TEST sí responde HTTP 400, pero los procesa como valores fuera de rango y devuelve mensajes de límites, en lugar de rechazarlos como formato decimal inválido. Ninguna de las tres variantes genera calibraciones.",RF-24 v2.0,VAL_ENTRADA — Validación de formato / Valores no finitos,Desarrollo Backend,Severo,1 día hábil,2026-10-07,2026-10-08,Cerrado,,"Una sola incidencia para TC-M09-261 (NaN, Infinity, -Infinity). Relacionada con G75-v2.0 por validación de valor_referencia, pero no duplicada: G132 incorpora manejo incorrecto de valores no finitos y un HTTP 500 para NaN. TC-M09-262 aprobado y fuera del defecto.",Juan Esteban
9,INC-M09-76-G136,"Durante la validación del mecanismo best-effort ante un fallo real de escritura de auditoría RF-10, los rechazos funcionales conservaron correctamente sus códigos HTTP, error_code, no generaron calibraciones y dejaron alertas observables; sin embargo, los mensajes devueltos no coinciden con RF-24 v2.0. En RANGE, HTTP 400 / VALOR_FUERA_DE_RANGO, falta el prefijo Valor fuera de límites: y se agrega el rango permitido. En INACTIVE, HTTP 422 / DISPOSITIVO_INACTIVO, se devuelve un mensaje genérico que omite Operación rechazada:, el serial del dispositivo y la instrucción de activación.",RF-24 v2.0,HTTP_COM — Contrato / Mensajes de respuesta,Desarrollo Backend,Medio,2 días hábiles,2026-10-07,2026-10-09,Cerrado,,Incidencia consolidada para TC-M09-274 RANGE e INACTIVE. Relacionada con G75-v2.0 por el mensaje VALOR_FUERA_DE_RANGO y con G76-v2.0 por el mensaje DISPOSITIVO_INACTIVO. No se considera falla del mecanismo best-effort: este funcionó correctamente.,Juan Esteban
9,INC-M09-77-G137,"TEST no publica ninguna operación contractual RF-24 VISION. El OpenAPI contiene únicamente el POST de calibración SENSOR del Flujo D y no expone método, ruta, body, respuestas ni seguridad para VISION. Como consecuencia, TC-M09-275 y TC-M09-276 quedan bloqueados/no verificables porque Ingeniero y Administrador no pueden ejecutar el disparo manual VISION; TC-M09-277 queda rechazado porque no existe la operación sobre la cual comprobar el HTTP 403 y mensaje contractual del Productor.",RF-24 v2.0,FLUJO — Exposición de operación / Contrato API VISION,Desarrollo,Severo,1 día hábil,2026-10-07,2026-10-08,Cerrado,,"Incidencia única para los tres casos. Relacionada con G74-v2.0 y G131 por el contrato incompleto de modalidades de calibración, pero no duplicada: G137 evidencia ausencia total de la operación VISION. Debe contrastarse DEV para distinguir falta de implementación vs desfase de despliegue.",Juan Esteban
9,INC-M09-78-G138,"TEST no publica la operación contractual RF-24 VISION. Debido a esta ausencia no es posible ejecutar las validaciones negativas de TC-M09-278 (área sin cámara), TC-M09-279 (única cámara inactiva), TC-M09-280 (paradigma INDIVIDUAL) ni TC-M09-281 (sin tipo_modelo_asignado), ni comprobar sus respuestas HTTP 422, mensajes contractuales y ausencia de nuevas líneas base.",RF-24 v2.0,FLUJO — Exposición de operación / Contrato API VISION,Desarrollo,Severo,1 día hábil,2026-10-07,2026-10-08,Cerrado,,"Incidencia consolidada para los cuatro casos. Relacionada directamente con INC de G137, que reporta la misma ausencia de operación VISION pero en escenarios de disparo manual y RBAC. No se marca como duplicada porque G138 cubre otro grupo de reglas negativas. También relacionada secundariamente con G74/G131 por contrato de modalidades. Debe contrastarse DEV para distinguir falta de implementación vs desfase de despliegue.",Juan Esteban
9,INC-M09-79-G140-1,"La modalidad VISION de RF-24 v2.0 no está disponible extremo a extremo. En TEST no existe operación VISION, fuente formal de observaciones/vector, vínculo cámara-área-observación, aptitud VISION, mínimo N, persistencia de línea base, ε ni máximo de iteraciones. La revisión del artefacto de la rama tampoco encontró operación VISION, modo_calibracion, persistencia de baseline VISION, algoritmo de refinamiento, fuente del vector ni configuración asociada. Esto bloquea TC-M09-284, TC-M09-285 y TC-M09-286.",RF-24 v2.0,FLUJO — Integración AIoT / Pipeline VISION,AIoT,Severo,1 día hábil,2026-10-07,2026-10-08,Abierto,,Incidencia de producto. Relacionada con G137 y G138: esos grupos evidencian VISION ausente en TEST; G140 amplía la evidencia y confirma que también faltan las dependencias upstream M03/AIoT. No marcar como duplicada.,Juan Esteban
9,INC-M09-80-G140-2,"RF-24 v2.0 no define con suficiente precisión el algoritmo necesario para construir el oráculo de TC-M09-285 y la condición de no convergencia relacionada de TC-M09-286. Existe ambigüedad entre descarte y winsorización, no se especifica el método de interpolación de p5/p95 y tampoco se define completamente la regla de refinamiento: estimador, actualización, cambio relativo, tratamiento del cero, convergencia, ε y máximo de iteraciones.",RF-24 v2.0,FLUJO — Especificación / Regla de negocio incompleta,Análisis,Medio,2 días hábiles,2026-10-07,2026-10-09,Abierto,,"Incidencia documental tipo question. No es defecto de producto. Relacionada con G140-01, pero independiente: seguirá siendo necesaria aunque VISION sea implementado.",Juan Esteban
9,INC-M09-81-G142,"No se encuentra disponible una dependencia técnica formal de VISION que permita ejecutar y verificar el disparo automático desde M02 hacia M09. Aunque TEST publica las operaciones de alta y cierre de lote M02, no se identificó una fuente formal de observaciones/vector VISION vinculada a cámara y área, la aptitud propia del proceso, el mínimo N requerido ni una superficie verificable de baseline automática. Como consecuencia, TC-M09-288 y TC-M09-289 quedan BLOQUEADOS / NO VERIFICABLES antes de ejecutar los eventos M02.",RF-24 v2.0,FLUJO — Integración / Dependencias VISION automática,AIoT,Medio,2 días hábiles,2026-10-07,2026-10-09,Abierto,,"question, no bug confirmado de integración. Se asigna a AIoT porque la primera dependencia bloqueante corresponde a la cadena VISION/M03. Relacionada principalmente con G140-01, que documenta la ausencia general de la cadena VISION/M03. La generación/persistencia de baseline M09 deberá reevaluarse una vez disponible la dependencia upstream.",Juan Esteban
9,INC-M09-82-G143-1,"TEST no publica la operación manual de calibración VISION exigida por RF-24 v2.0 / CU05 Flujo F. Como consecuencia, TC-M09-291 no puede ejecutar el disparo manual sobre un área sin cámara ni observar el HTTP 422, mensaje contractual y auditoría RF-10 FALLIDO requeridos. La única escritura de calibración disponible corresponde al flujo SENSOR y su DTO no declara modo_calibracion.",RF-24 v2.0,FLUJO — Operación / Contrato API VISION,Desarrollo,Severo,1 día hábil,2026-10-07,2026-10-08,Abierto,,"Incidencia de producto. Relacionada con G137 y G138 por la ausencia de VISION en TEST, pero G143-01 se conserva como incidencia independiente por corresponder al oráculo específico de TC-M09-291. No marcar como duplicada.",Juan Esteban
9,INC-M09-83-G143-2,"No están disponibles las dependencias técnicas necesarias para ejecutar TC-M09-290 y TC-M09-292: no existe fuente formal de observaciones/vector VISION con cámara, área, ventana y aptitud; tampoco puede derivarse una línea base VISION ni la auditoría obligatoria de su publicación. Esto impide comprobar tanto el disparo automático con cero observaciones como el rollback ante fallo de auditoría.",RF-24 v2.0,FLUJO — Integración / Dependencias VISION-M03,AIoT,Medio,2 días hábiles,2026-10-07,2026-10-09,Abierto,,"question, no bug confirmado de integración. Relacionada principalmente con G140-01 y G142 por la ausencia de la cadena VISION/M03. TC-M09-290 y TC-M09-292 permanecen bloqueados; no se afirma que el trigger automático o rollback estén defectuosos.",Juan Esteban
9,INC-M09-?-108-G71,"Iteration 1 - AssertionError - TC-M09-G71 - Restriccion de autorizacion en configuracion remota (RF-23, OWASP A01, CU-05) - Sub-caso 2 (TC-M09-137, BUG BOLA) - Ingeniero SIN relacion con la finca configura el dispositivo de todas formas
Failed Test: (BUG BOLA) Sub-caso 2: deberia rechazarse (403/404), pero el sistema lo permite -- no existe ninguna verificacion de alcance por finca/estructura",RF-23,SEGURIDAD — OWASP API1,Desarrollo Backend,Severo,1 día hábil,2026-09-13,2026-09-14,Cerrado,,"Usuario autorizado sobre dispositivo=101 intenta modificar dispositivo=999,  El rol Ingeniero de Campo (ingeniero@pecuaria.co, id_usuario=4, sin ninguna finca ni activo asociado a la finca 1) configura sin ningun problema (HTTP 202, estado PENDIENTE) un dispositivo fresco registrado en infraestructura de la finca 1 -- exactamente el escenario ""usuario autorizado sobre OTRO dispositivo intenta modificar uno que no es suyo"" que describe la ficha, y el sistema lo permite en vez de rechazarlo.",laura
9,INC-M09-?-157-G82,"No existen datos de prueba disponibles para ejecutar TC-M09-157 en DEV, debido a que ninguno de los usuarios con credenciales proporcionadas tiene una finca asignada, aunque existen fincas en el entorno. Esto impide validar el acceso a una finca existente no asignada al usuario.",RF-25,Datos de prueba / Precondición de ambiente,DBA,Severo,1 día hábil,2026-09-13,2026-09-14,Cerrado,,"DEV contiene las fincas 1–6, pero están asociadas a usuarios para los cuales no se dispone de credenciales. Ningún usuario de las credenciales disponibles presenta fincas asignadas en /usuarios/me. No se modificaron datos ni se realizaron asignaciones. TC-M09-156 sí cuenta con precondiciones; TC-M09-157 permanece bloqueado.",laura
9,INC-M09-?-158-G83,"TC-M09-158 falla porque la colección espera HTTP 401/403 ante un supuesto JWT con rol inexistente, pero el flujo ejecutado autentica al Ingeniero de Campo y utiliza el JWT real generado por el login (rol=4). La variable rolInexistente=999999 no se aplica al token. Como resultado, GET /configuracion/interfaz/contexto responde HTTP 200 y devuelve el contexto autorizado del Ingeniero de Campo.",RF-25,Caso de prueba / Validación de seguridad,DESARROLLO,Severo,1 día hábil,2026-09-13,2026-09-14,Cerrado,,"Newman ejecutado en DEV. 4 aserciones: 3 PASS, 1 FAIL. Falló expected 200 to be one of [401, 403]. El backend respondió 200 con id_rol=4, nombre_rol=Ingeniero de Campo y módulos autorizados. No hubo traceback ni información interna expuesta. El resultado demuestra que la prueba no llegó a representar un rol inexistente; no constituye por sí solo evidencia de defecto del producto. Evidencia: TC-M09-G83_rev2_dev.html y TC-M09-G83_rev2_dev.json.",laura
9,INC-M09-?-169-G89,"Al ejecutar el caso TC-M09-169 se realizó correctamente una modificación de identidad visual mediante PATCH /configuracion/identidad-visual/6. Aunque el backend registra internamente la modificación en modulo9.auditorias_visuales, almacenando usuario, fecha, valor anterior y valor nuevo, no existe un endpoint GET que permita consultar estos registros. Se verificó GET /auditoria/, pero este endpoint consulta únicamente modulo1.eventos y la modificación de identidad visual no genera un evento en dicha tabla. Como resultado, no es posible consultar mediante API quién realizó el cambio, cuándo lo realizó ni cuáles fueron los valores anterior y nuevo, por lo que no se puede comprobar la trazabilidad requerida por TC-M09-169.",RF-26,Auditoría / Seguridad – OWASP A09,DESARROLLO,Severo,1 día hábil,2026-09-13,2026-09-14,Cerrado,,"Evidencia: TC-M09-G89_rev1_dev.html y TC-M09-G89_rev1_dev.json. El PATCH fue exitoso y la auditoría se genera internamente en modulo9.auditorias_visuales, pero actualmente no existe mecanismo API para consultar dichos registros. GET /auditoria/ corresponde a la auditoría general de modulo1.eventos y no permite verificar la auditoría específica de identidad visual.",
9,INC-M09-?-G103,"Durante TC-M09-197, el cambio de idioma personal de es-CO a en-US se ejecuta correctamente mediante PATCH HTTP 200 y queda persistido, pero no se genera ni se expone mediante API un registro de auditoría que permita consultar usuario/sesión, fecha/hora, operación, valor anterior y valor nuevo. El endpoint específico de auditoría de idioma no existe (HTTP 404) y la auditoría general de Módulo 1 no contiene el evento del cambio.",RF29,Auditoría / Trazabilidad / Seguridad OWASP A09,Desarrollo Backend,Severo,1 día hábil,2026-09-14,2026-09-14,Cerrado,,"DEV contiene las fincas 1–6, pero están asociadas a usuarios para los cuales no se dispone de credenciales. Ningún usuario de las credenciales disponibles presenta fincas asignadas en /usuarios/me. No se modificaron datos ni se realizaron asignaciones. TC-M09-156 sí cuenta con precondiciones; TC-M09-157 permanece bloqueado.",laura
9,INC-M09-?-G90,"Durante la ejecución de TC-M09-G90 en ambiente DEV, el inicio de sesión con admin.dev@gmail.com fue exitoso y el usuario accedió correctamente al dashboard. Sin embargo, al navegar a /configuracion, la aplicación ejecutó POST /sesiones/refresh y el backend respondió HTTP 500. Como consecuencia, la aplicación perdió la sesión y redirigió al usuario a /login, impidiendo continuar con la validación de los temas Claro, Oscuro y Automático. El contrato del endpoint contempla respuestas 401/410 para fallos de refresh, por lo que el HTTP 500 corresponde a una condición no contemplada. No fue posible determinar la causa raíz porque la respuesta no incluyó cuerpo/error_code y no se dispone de logs del servidor DEV.",RF-27,Backend / Gestión de sesiones / Error interno,DESARROLLO,MEDIO,2 día hábil,2026-09-13,2026-09-15,Cerrado,,"Evidencia: TC-M09-G90_rev1_dev.html, TC-M09-G90_rev1_dev.json y G90-rev1-dev-ejecucion.txt. Se observó GET /configuracion/interfaz/contexto → 200 y posteriormente POST /sesiones/refresh → 500, seguido de redirección a /login. No se ejecutaron PATCH de theme_mode ni se modificaron datos de RF-27. La causa raíz queda pendiente de revisión de logs DEV.",LAURA
9,INC-M09-?-G91,"Se requiere preparar el ambiente TEST para poder ejecutar el caso de prueba TC-M09-175 – Validación de resolución del tema por defecto (RF-27).
Para este caso se necesita validar la jerarquía de resolución:
Tema personal → Tema global → Tema por defecto",RF-27,Autenticación / Gestión de sesión,Desarrollo Backend,Severo,1 día hábil,2026-09-14,2026-09-14,Cerrado,,"Evidencia de reevaluación: 6 requests, 15 aserciones, 15 FAIL. Login HTTP 500; las 5 solicitudes posteriores HTTP 401. No hubo cambios de datos. Los FAIL son consecuencia del fallo de autenticación y no demuestran un defecto de RF-27. Este comportamiento es consistente con problemas de sesión identificados previamente en otros casos, aunque aquellos correspondieron a POST /sesiones/refresh en DEV.",laura
9,INC-M09-?-G94,"Durante la ejecución del TC-M09-178, después de iniciar sesión correctamente y acceder al /dashboard, la prueba realizó una solicitud autenticada GET /configuracion/interfaz/contexto utilizando el Bearer de la sesión. El endpoint respondió HTTP 401 Unauthorized, aunque para un usuario autenticado se esperaba HTTP 200 OK. Como consecuencia, no fue posible obtener el contexto de configuración necesario para validar el contraste mínimo de 4.5:1, ni continuar con las verificaciones de accesibilidad previstas en el caso.",RF-27,Autenticación / Autorización,Desarrollo Backend,Severo,1 día hábil,2026-09-13,2026-09-14,Cerrado,,"Evidencia: TC-M09-G94_rev1_dev.html, TC-M09-G94_rev1_dev.json y G94-rev1-dev-ejecucion.txt. La sesión de UI llegó correctamente a /dashboard; el fallo corresponde al GET /configuracion/interfaz/contexto con respuesta 401. No se demostró incumplimiento WCAG ni fallo de variante automática. TC-M09-179 quedó bloqueado y no modificó datos.",LAURA
9,INC-M09-?-G95,"Al ejecutar TC-M09-180, el login inicial responde HTTP 200 y permite llegar a /dashboard; sin embargo, al navegar a /configuracion, POST /sesiones/refresh responde HTTP 500 y la aplicación redirige a /login. Esto impide acceder a Dashboard Personalizable y ejecutar las validaciones funcionales de RF-28.",RF-28,Autenticación / Gestión de sesión,Desarrollo Backend,Severo,1 día hábil,2026-09-13,2026-09-14,Cerrado,,95 rev1 DEV HTML/JSON/TXT. Login inicial 200. GET /configuracion/interfaz/contexto 200. Posteriormente POST /sesiones/refresh 500 y redirección a /login. No se modificó el dashboard ni se ejecutó PATCH.,LAURA
9,INC-M09-?-G99,"Durante la ejecución de TC-M09-G99 (TC-M09-189, 190 y 191) en el ambiente DEV, el usuario inició sesión correctamente y obtuvo HTTP 200; sin embargo, al acceder a Configuración, la SPA ejecutó POST /sesiones/refresh y recibió HTTP 500, provocando la redirección a /login. Como consecuencia, no fue posible acceder a Configuración → Personalización → Idioma, por lo que no se pudieron ejecutar los cambios es-CO, en-US ni validar el cambio inmediato sin recarga.",RF-29,Autenticación / Gestión de sesión,Desarrollo Backend,Severo,1 día hábil,2026-09-13,2026-09-14,Cerrado,,"Evidencia: TC-M09-G99_rev1_dev.html, TC-M09-G99_rev1_dev-ejecucion.txt y screenshots G99-01-dashboard.png + evidencia del redirect a /login. Login DEV HTTP 200. POST /sesiones/refresh HTTP 500. Se realizó 1 solo login. No se ejecutó ningún PATCH de idioma ni se modificó el idioma global. TC-M09-189, 190 y 191 quedaron BLOQUEADOS. No constituye un defecto funcional demostrado de RF-29; la ejecución quedó impedida por la dependencia de sesión/refresh en DEV.",laura
9,INC-M09-G130,"Al registrar una métrica de producción sin enviar tipo_dato (POST /configuracion/metricas), el backend responde 201 y le asigna un tipo_dato por su cuenta (NUMERICO para PESO) en vez de rechazar la petición con 400. RF-16 v1.2 (RFC-004) exige que el tipo_dato sea obligatorio y lo elija explícitamente el usuario, sin inferirlo de tipo_medicion. Afecta a TC-M09-256 (métrica sin tipo_dato) y TC-M09-258a (PESO sin tipo_dato).",RF-16,VAL_ENTRADA,Desarrollo,Medio,2 días hábiles,2026-10-04,2026-10-06,Abierto,,"Reporte Newman: Test_Modulo9/RF-16/TC-M09-G130/RESULTADOS/TC-M09-G130_resultado_2026-10-04.html. Ejecutado contra TEST el 04/10/26: 16 aserciones, 5 fallan (256, 258a y 260). Se crearon las métricas QA 72 y 73 en la especie 4. Causa probable: RegistrarMetricaDTO.completar_tipo_dato_legacy (registrar_metrica_dto.py) rellena tipo_dato con inferir_desde_tipo_medicion cuando falta (compatibilidad con configuraciones anteriores a #208), lo que contradice RFC-004. Exigir tipo_dato puede romper a clientes que hoy lo omiten (front y colecciones de QA): coordinar con Frontend. TC-M09-260 (valor_min/valor_max con tipo_dato TEXTO: el backend responde 400 RANGO_METRICA_NO_APLICA y la prueba esperaba 201) no se incluye aquí: la especificación se contradice entre ignorar el rango y rechazarlo, pendiente de decidir.",Maria Jose
9,INC-M09-NN-G133,"Dispositivo inexistente en /asociar responde 422 SENSOR_DISPOSITIVO_INVALIDO, no 404",RF-22 v2.0,HTTP_COM,Desarrollo,Madia,2 días,2026-10-06,2026-10-08,Abierto,,"POST /configuracion/sensores/{id_sensor}/asociar
Body: {""id_dispositivo_iot"": 999999, ""id_infraestructura"": 999999, ""punto_instalacion"": ""Punto A"", ""confirmar"": false}
<< 422 {""error_code"":""SENSOR_DISPOSITIVO_INVALIDO"",""message"":""El sensor 52 no pertenece al dispositivo 999999.""}",Juan Pablo
9,INC-M09-NN-G56,Área inexistente al registrar dispositivo responde 404 AREA_NO_ENCONTRADA; la matriz pide 422,RF-21 v2.0,HTTP_COM,Desarrollo,Baja,3 días,2026-10-06,2026-10-09,Abierto,,"POST /configuracion/dispositivos-iot
Body: {""serial"": ""QA-..."", ""descripcion"": ""..."", ""id_infraestructura"": 999999, ""id_tipo_dispositivo"": 3, ""es_activo"": true}
<< 404 {""error_code"":""AREA_NO_ENCONTRADA"",""message"":""No existe un área productiva con ID 999999.""}",Juan Pablo
9,INC-M09-NN-G57,"El campo protocolo en /configurar no existe en el contrato y se acepta con 202, ignorado en silencio",RF-21 v2.0,FUNCIONAL,Desarrollo,Media,2 días,2026-10-06,2026-10-08,Abierto,,"GET /configuracion/dispositivos-iot/{id}
<< 200 {""id_dispositivo_iot"":162,""serial"":""QA-M09-G57-x1-..."",""descripcion"":""..."",""id_infraestructura"":3,
""id_tipo_dispositivo"":3,""es_activo"":true,""fecha_creacion"":""..."",""id_dispositivo_gateway"":null,
""resolucion"":null,""fps"":null,""area_cobertura_m2"":null}",Juan Pablo
9,INC-M09-NN-G62,Sensor inexistente en /asociar responde 404 SENSOR_NO_ENCONTRADO; la matriz pide 422,RF-22 v2.0,HTTP_COM,Desarrollo,Baja,3 días,2026-10-06,2026-10-09,Abierto,,"POST /configuracion/sensores/999999/asociar
Body: {""id_dispositivo_iot"": 175, ""id_infraestructura"": 3, ""punto_instalacion"": ""Punto A"", ""confirmar"": false}
<< 404 {""error_code"":""SENSOR_NO_ENCONTRADO"",""message"":""No existe un sensor con ID 999999.""}",Juan Pablo
9,INC-M09-NN-G69,"El campo protocolo en /configurar no existe en el contrato y se acepta con 202, ignorado en silencio",RF-23 v2.0,VAL_ENTRADA,Desarrollo,Alta,1 día,2026-10-06,2026-10-07,Abierto,,"POST /configuracion/dispositivos-iot/{id}/configurar
Body: {""frecuencia_captura"": 10, ""intervalo_transmision"": 10, ""protocolo"": ""LORAWAN""}
<< 202 {""id_configuracion_remota"":29,""id_dispositivo_iot"":183,""frecuencia_captura"":10,
""intervalo_transmision"":10,""estado"":""PENDIENTE"",""id_usuario"":1,
""mensaje"":""Dispositivo offline. La configuración quedará pendiente hasta que reconecte.""}",Juan Pablo
